experiment,scheme,power_model,pidle,pdyn,rho,dynamic_carbon_usage,idle_carbon_usage,total_carbon_usage
1,spark_fifo,model_0,0.0,1.0,0.7,42757795288.85041,0.0,42757795288.85041
1,spark_fifo,model_1,0.05,0.95,0.7,40619905524.40793,5441019574.75,46060925099.15793
1,spark_fifo,model_2,0.1,0.9,0.7,38482015759.9652,10882039149.5,49364054909.4652
1,spark_fifo,model_3,0.15,0.85,0.7,36344125995.52323,16323058724.25,52667184719.77323
1,spark_fifo,model_4,0.2,0.8,0.7,34206236231.079876,21764078299.0,55970314530.07988
1,spark_fifo,model_5,0.25,0.75,0.7,32068346466.63722,27205097873.75,59273444340.38722
1,spark_fifo,model_6,0.3,0.7,0.7,29930456702.19533,32646117448.5,62576574150.69533
1,spark_fifo,model_7,0.35,0.65,0.7,27792566937.752544,38087137023.25,65879703961.00255
1,spark_fifo,model_8,0.4,0.6,0.7,25654677173.31034,43528156598.0,69182833771.31033
1,spark_fifo,model_9,0.45,0.55,0.7,23516787408.86709,48969176172.75,72485963581.6171
1,spark_fifo,model_10,0.5,0.5,0.7,21378897644.425205,54410195747.5,75789093391.9252
1,spark_fifo,model_11,0.55,0.44999999999999996,0.7,19241007879.9826,59851215322.25,79092223202.2326
1,spark_fifo,model_12,0.6,0.4,0.7,17103118115.539938,65292234897.0,82395353012.53993
1,spark_fifo,model_13,0.65,0.35,0.7,14965228351.097666,70733254471.75,85698482822.84767
1,spark_fifo,model_14,0.7,0.30000000000000004,0.7,12827338586.65517,76174274046.5,89001612633.15517
1,spark_fifo,model_15,0.75,0.25,0.7,10689448822.212603,81615293621.25,92304742443.4626
1,spark_fifo,model_16,0.8,0.19999999999999996,0.7,8551559057.769969,87056313196.0,95607872253.76997
1,spark_fifo,model_17,0.85,0.15000000000000002,0.7,6413669293.327585,92497332770.75,98911002064.07759
1,spark_fifo,model_18,0.9,0.09999999999999998,0.7,4275779528.8849845,97938352345.5,102214131874.38498
1,spark_fifo,model_19,0.95,0.050000000000000044,0.7,2137889764.4424925,103379371920.25,105517261684.69249
1,spark_fifo,model_20,1.0,0.0,0.7,0.0,108820391495.0,108820391495.0
1,cap_fifo,model_0,0.0,1.0,0.7,29931602096.500015,0.0,29931602096.500015
1,cap_fifo,model_1,0.05,0.95,0.7,28435021991.67457,5890548758.4,34325570750.07457
1,cap_fifo,model_2,0.1,0.9,0.7,26938441886.85076,11781097516.8,38719539403.65076
1,cap_fifo,model_3,0.15,0.85,0.7,25441861782.026024,17671646275.2,43113508057.22603
1,cap_fifo,model_4,0.2,0.8,0.7,23945281677.200737,23562195033.6,47507476710.800735
1,cap_fifo,model_5,0.25,0.75,0.7,22448701572.37472,29452743792.0,51901445364.374725
1,cap_fifo,model_6,0.3,0.7,0.7,20952121467.55069,35343292550.4,56295414017.95069
1,cap_fifo,model_7,0.35,0.65,0.7,19455541362.725395,41233841308.8,60689382671.5254
1,cap_fifo,model_8,0.4,0.6,0.7,17958961257.8999,47124390067.2,65083351325.0999
1,cap_fifo,model_9,0.45,0.55,0.7,16462381153.074348,53014938825.6,69477319978.67435
1,cap_fifo,model_10,0.5,0.5,0.7,14965801048.250008,58905487584.0,73871288632.25
1,cap_fifo,model_11,0.55,0.44999999999999996,0.7,13469220943.42538,64796036342.4,78265257285.82538
1,cap_fifo,model_12,0.6,0.4,0.7,11972640838.600368,70686585100.8,82659225939.40038
1,cap_fifo,model_13,0.65,0.35,0.7,10476060733.775345,76577133859.2,87053194592.97534
1,cap_fifo,model_14,0.7,0.30000000000000004,0.7,8979480628.94995,82467682617.6,91447163246.54996
1,cap_fifo,model_15,0.75,0.25,0.7,7482900524.125004,88358231376.0,95841131900.125
1,cap_fifo,model_16,0.8,0.19999999999999996,0.7,5986320419.300184,94248780134.4,100235100553.70018
1,cap_fifo,model_17,0.85,0.15000000000000002,0.7,4489740314.474975,100139328892.8,104629069207.27498
1,cap_fifo,model_18,0.9,0.09999999999999998,0.7,2993160209.650092,106029877651.2,109023037860.85008
1,cap_fifo,model_19,0.95,0.050000000000000044,0.7,1496580104.8250463,111920426409.6,113417006514.42505
1,cap_fifo,model_20,1.0,0.0,0.7,0.0,117810975168.0,117810975168.0
1,new_cap_fifo,model_0,0.0,1.0,0.7,29155625476.8898,0.0,29155625476.8898
1,new_cap_fifo,model_1,0.05,0.95,0.7,27697844203.04598,5894901792.9,33592745995.945976
1,new_cap_fifo,model_2,0.1,0.9,0.7,26240062929.20087,11789803585.8,38029866515.00087
1,new_cap_fifo,model_3,0.15,0.85,0.7,24782281655.35688,17684705378.7,42466987034.056885
1,new_cap_fifo,model_4,0.2,0.8,0.7,23324500381.512966,23579607171.6,46904107553.11296
1,new_cap_fifo,model_5,0.25,0.75,0.7,21866719107.6674,29474508964.5,51341228072.167404
1,new_cap_fifo,model_6,0.3,0.7,0.7,20408937833.823456,35369410757.4,55778348591.22346
1,new_cap_fifo,model_7,0.35,0.65,0.7,18951156559.97884,41264312550.3,60215469110.27884
1,new_cap_fifo,model_8,0.4,0.6,0.7,17493375286.133778,47159214343.2,64652589629.33377
1,new_cap_fifo,model_9,0.45,0.55,0.7,16035594012.289171,53054116136.1,69089710148.38918
1,new_cap_fifo,model_10,0.5,0.5,0.7,14577812738.4449,58949017929.0,73526830667.4449
1,new_cap_fifo,model_11,0.55,0.44999999999999996,0.7,13120031464.600435,64843919721.9,77963951186.50044
1,new_cap_fifo,model_12,0.6,0.4,0.7,11662250190.756483,70738821514.8,82401071705.55649
1,new_cap_fifo,model_13,0.65,0.35,0.7,10204468916.911728,76633723307.7,86838192224.61172
1,new_cap_fifo,model_14,0.7,0.30000000000000004,0.7,8746687643.066889,82528625100.6,91275312743.6669
1,new_cap_fifo,model_15,0.75,0.25,0.7,7288906369.22245,88423526893.5,95712433262.72244
1,new_cap_fifo,model_16,0.8,0.19999999999999996,0.7,5831125095.378242,94318428686.4,100149553781.77823
1,new_cap_fifo,model_17,0.85,0.15000000000000002,0.7,4373343821.533444,100213330479.3,104586674300.83345
1,new_cap_fifo,model_18,0.9,0.09999999999999998,0.7,2915562547.689121,106108232272.2,109023794819.88911
1,new_cap_fifo,model_19,0.95,0.050000000000000044,0.7,1457781273.8445604,112003134065.1,113460915338.94456
1,new_cap_fifo,model_20,1.0,0.0,0.7,0.0,117898035858.0,117898035858.0
1,backfill_cap_fifo,model_0,0.0,1.0,0.7,30981033359.160065,0.0,30981033359.160065
1,backfill_cap_fifo,model_1,0.05,0.95,0.7,29431981691.201103,5523915705.75,34955897396.9511
1,backfill_cap_fifo,model_2,0.1,0.9,0.7,27882930023.244804,11047831411.5,38930761434.744804
1,backfill_cap_fifo,model_3,0.15,0.85,0.7,26333878355.28685,16571747117.25,42905625472.53685
1,backfill_cap_fifo,model_4,0.2,0.8,0.7,24784826687.328075,22095662823.0,46880489510.32808
1,backfill_cap_fifo,model_5,0.25,0.75,0.7,23235775019.36974,27619578528.75,50855353548.119736
1,backfill_cap_fifo,model_6,0.3,0.7,0.7,21686723351.411823,33143494234.5,54830217585.91182
1,backfill_cap_fifo,model_7,0.35,0.65,0.7,20137671683.45318,38667409940.25,58805081623.70318
1,backfill_cap_fifo,model_8,0.4,0.6,0.7,18588620015.49617,44191325646.0,62779945661.49617
1,backfill_cap_fifo,model_9,0.45,0.55,0.7,17039568347.53765,49715241351.75,66754809699.28765
1,backfill_cap_fifo,model_10,0.5,0.5,0.7,15490516679.580032,55239157057.5,70729673737.08003
1,backfill_cap_fifo,model_11,0.55,0.44999999999999996,0.7,13941465011.622402,60763072763.25,74704537774.8724
1,backfill_cap_fifo,model_12,0.6,0.4,0.7,12392413343.664038,66286988469.0,78679401812.66403
1,backfill_cap_fifo,model_13,0.65,0.35,0.7,10843361675.705912,71810904174.75,82654265850.45592
1,backfill_cap_fifo,model_14,0.7,0.30000000000000004,0.7,9294310007.748085,77334819880.5,86629129888.24808
1,backfill_cap_fifo,model_15,0.75,0.25,0.7,7745258339.790016,82858735586.25,90603993926.04001
1,backfill_cap_fifo,model_16,0.8,0.19999999999999996,0.7,6196206671.832019,88382651292.0,94578857963.83202
1,backfill_cap_fifo,model_17,0.85,0.15000000000000002,0.7,4647155003.8740425,93906566997.75,98553722001.62404
1,backfill_cap_fifo,model_18,0.9,0.09999999999999998,0.7,3098103335.9160094,99430482703.5,102528586039.41602
1,backfill_cap_fifo,model_19,0.95,0.050000000000000044,0.7,1549051667.9580047,104954398409.25,106503450077.20801
1,backfill_cap_fifo,model_20,1.0,0.0,0.7,0.0,110478314115.0,110478314115.0
1,dynamic_b_cap_fifo,model_0,0.0,1.0,0.7,30699112179.93026,0.0,30699112179.93026
1,dynamic_b_cap_fifo,model_1,0.05,0.95,0.7,29527439785.590908,5523893363.5,35051333149.09091
1,dynamic_b_cap_fifo,model_2,0.1,0.9,0.7,28419120051.219727,11281767301.8,39700887353.01973
1,dynamic_b_cap_fifo,model_3,0.15,0.85,0.7,26704056258.955196,16598902526.25,43302958785.2052
1,dynamic_b_cap_fifo,model_4,0.2,0.8,0.7,24908716014.759956,22057527794.0,46966243808.75996
1,dynamic_b_cap_fifo,model_5,0.25,0.75,0.7,23934691879.462234,28278243960.0,52212935839.462234
1,dynamic_b_cap_fifo,model_6,0.3,0.7,0.7,21703941677.02605,33211516810.5,54915458487.52605
1,dynamic_b_cap_fifo,model_7,0.35,0.65,0.7,19875536979.349483,39044169922.8,58919706902.14949
1,dynamic_b_cap_fifo,model_8,0.4,0.6,0.7,18282698311.84813,44056020980.0,62338719291.84813
1,dynamic_b_cap_fifo,model_9,0.45,0.55,0.7,16977957701.418663,49666953366.0,66644911067.41866
1,dynamic_b_cap_fifo,model_10,0.5,0.5,0.7,15369406372.60506,55373402062.5,70742808435.10506
1,dynamic_b_cap_fifo,model_11,0.55,0.44999999999999996,0.7,13981393336.855795,60619897241.75,74601290578.60579
1,dynamic_b_cap_fifo,model_12,0.6,0.4,0.7,12450960296.743954,67903944240.6,80354904537.34395
1,dynamic_b_cap_fifo,model_13,0.65,0.35,0.7,10894590259.650455,73562606260.65,84457196520.30045
1,dynamic_b_cap_fifo,model_14,0.7,0.30000000000000004,0.7,9361215432.807037,79711858056.6,89073073489.40704
1,dynamic_b_cap_fifo,model_15,0.75,0.25,0.7,7829557454.467618,82784718903.75,90614276358.21762
1,dynamic_b_cap_fifo,model_16,0.8,0.19999999999999996,0.7,6264072094.074087,88191708040.0,94455780134.07408
1,dynamic_b_cap_fifo,model_17,0.85,0.15000000000000002,0.7,4696726285.467092,94916632419.6,99613358705.0671
1,dynamic_b_cap_fifo,model_18,0.9,0.09999999999999998,0.7,3092733870.25106,102779187560.1,105871921430.35106
1,dynamic_b_cap_fifo,model_19,0.95,0.050000000000000044,0.7,1542869080.8575106,107102073610.35,108644942691.20752
1,dynamic_b_cap_fifo,model_20,1.0,0.0,0.7,0.0,111187776305.0,111187776305.0
1,efficiency_cap_fifo,model_0,0.0,1.0,0.7,29711438657.770138,0.0,29711438657.770138
1,efficiency_cap_fifo,model_1,0.05,0.95,0.7,28665361506.59092,5528333087.75,34193694594.34092
1,efficiency_cap_fifo,model_2,0.1,0.9,0.7,26434539365.68859,11059717488.5,37494256854.18859
1,efficiency_cap_fifo,model_3,0.15,0.85,0.7,25200727418.44153,16713174963.6,41913902382.04153
1,efficiency_cap_fifo,model_4,0.2,0.8,0.7,23941371285.720467,22166660110.0,46108031395.72047
1,efficiency_cap_fifo,model_5,0.25,0.75,0.7,22810274962.176987,27735343301.25,50545618263.42699
1,efficiency_cap_fifo,model_6,0.3,0.7,0.7,20701535859.30579,33267110712.0,53968646571.305786
1,efficiency_cap_fifo,model_7,0.35,0.65,0.7,19129863133.140472,38615687631.5,57745550764.64047
1,efficiency_cap_fifo,model_8,0.4,0.6,0.7,17653166820.005955,44205522550.0,61858689370.00595
1,efficiency_cap_fifo,model_9,0.45,0.55,0.7,16074528326.72488,49738767741.0,65813296067.724884
1,efficiency_cap_fifo,model_10,0.5,0.5,0.7,14924752858.395039,55198526080.0,70123278938.39503
1,efficiency_cap_fifo,model_11,0.55,0.44999999999999996,0.7,13452677722.97127,60723223764.5,74175901487.47127
1,efficiency_cap_fifo,model_12,0.6,0.4,0.7,11567262976.760164,66022634967.0,77589897943.76016
1,efficiency_cap_fifo,model_13,0.65,0.35,0.7,10440221397.70402,71914636049.75,82354857447.45403
1,efficiency_cap_fifo,model_14,0.7,0.30000000000000004,0.7,8852338844.75383,77430757502.0,86283096346.75383
1,efficiency_cap_fifo,model_15,0.75,0.25,0.7,7268193846.164991,82869364113.75,90137557959.915
1,efficiency_cap_fifo,model_16,0.8,0.19999999999999996,0.7,5839066429.17213,88328978824.0,94168045253.17213
1,efficiency_cap_fifo,model_17,0.85,0.15000000000000002,0.7,4408148032.155085,94129194752.0,98537342784.15509
1,efficiency_cap_fifo,model_18,0.9,0.09999999999999998,0.7,2934992847.4230366,99694242540.0,102629235387.42303
1,efficiency_cap_fifo,model_19,0.95,0.050000000000000044,0.7,1462279522.9890518,104923894854.5,106386174377.48904
1,efficiency_cap_fifo,model_20,1.0,0.0,0.7,0.0,110474101005.0,110474101005.0
1,lookahead_cap_fifo,model_0,0.0,1.0,0.7,31094433299.2001,0.0,31094433299.2001
1,lookahead_cap_fifo,model_1,0.05,0.95,0.7,29055587842.43859,5501088309.75,34556676152.18859
1,lookahead_cap_fifo,model_2,0.1,0.9,0.7,27729227765.223434,10992716272.5,38721944037.723434
1,lookahead_cap_fifo,model_3,0.15,0.85,0.7,25749227848.15252,16443477068.25,42192704916.40252
1,lookahead_cap_fifo,model_4,0.2,0.8,0.7,24830450036.087906,21972052729.0,46802502765.087906
1,lookahead_cap_fifo,model_5,0.25,0.75,0.7,22996685473.22972,27452474457.5,50449159930.72972
1,lookahead_cap_fifo,model_6,0.3,0.7,0.7,21175806775.963852,32919299331.0,54095106106.96385
1,lookahead_cap_fifo,model_7,0.35,0.65,0.7,19741557712.994205,38455962886.25,58197520599.2442
1,lookahead_cap_fifo,model_8,0.4,0.6,0.7,18473473816.445568,43963817706.0,62437291522.44557
1,lookahead_cap_fifo,model_9,0.45,0.55,0.7,16539982648.353577,49273353139.5,65813335787.85358
1,lookahead_cap_fifo,model_10,0.5,0.5,0.7,15063261608.8799,54890937132.5,69954198741.3799
1,lookahead_cap_fifo,model_11,0.55,0.44999999999999996,0.7,13643831365.110014,60338812586.25,73982643951.36002
1,lookahead_cap_fifo,model_12,0.6,0.4,0.7,12113455559.196228,65809221795.0,77922677354.19623
1,lookahead_cap_fifo,model_13,0.65,0.35,0.7,10721627637.843855,71465435538.25,82187063176.09386
1,lookahead_cap_fifo,model_14,0.7,0.30000000000000004,0.7,9167885229.43482,76649046859.0,85816932088.43481
1,lookahead_cap_fifo,model_15,0.75,0.25,0.7,7626881299.2674,82312180316.25,89939061615.5174
1,lookahead_cap_fifo,model_16,0.8,0.19999999999999996,0.7,6166702248.996061,87766924416.0,93933626664.99606
1,lookahead_cap_fifo,model_17,0.85,0.15000000000000002,0.7,4718578179.017946,93981553972.25,98700132151.26794
1,lookahead_cap_fifo,model_18,0.9,0.09999999999999998,0.7,3086215166.3029914,98549349048.0,101635564214.303
1,lookahead_cap_fifo,model_19,0.95,0.050000000000000044,0.7,1508667923.3825006,104342932519.5,105851600442.8825
1,lookahead_cap_fifo,model_20,1.0,0.0,0.7,0.0,109711783435.0,109711783435.0
1,weighted_cap_fifo,model_0,0.0,1.0,0.7,30674637422.610573,0.0,30674637422.610573
1,weighted_cap_fifo,model_1,0.05,0.95,0.7,29273246491.09751,5674097127.0,34947343618.09751
1,weighted_cap_fifo,model_2,0.1,0.9,0.7,28269945331.299526,11076946555.0,39346891886.29953
1,weighted_cap_fifo,model_3,0.15,0.85,0.7,26579217384.036503,16843973658.75,43423191042.7865
1,weighted_cap_fifo,model_4,0.2,0.8,0.7,25093923442.33643,22079857277.0,47173780719.336426
1,weighted_cap_fifo,model_5,0.25,0.75,0.7,23256569520.119587,28196909458.5,51453478978.61958
1,weighted_cap_fifo,model_6,0.3,0.7,0.7,21635069990.414963,33408037527.3,55043107517.714966
1,weighted_cap_fifo,model_7,0.35,0.65,0.7,19985456762.472736,38887212995.75,58872669758.22273
1,weighted_cap_fifo,model_8,0.4,0.6,0.7,18726343004.97585,44500797726.0,63227140730.975845
1,weighted_cap_fifo,model_9,0.45,0.55,0.7,17063656348.859606,50072382661.05,67136039009.90961
1,weighted_cap_fifo,model_10,0.5,0.5,0.7,15558578393.119831,55714984920.0,71273563313.11983
1,weighted_cap_fifo,model_11,0.55,0.44999999999999996,0.7,13842874246.850998,61008661967.0,74851536213.851
1,weighted_cap_fifo,model_12,0.6,0.4,0.7,12341849182.723995,66882877446.6,79224726629.32399
1,weighted_cap_fifo,model_13,0.65,0.35,0.7,10947001469.764114,71786174495.75,82733175965.51411
1,weighted_cap_fifo,model_14,0.7,0.30000000000000004,0.7,9276095201.598043,77417173414.0,86693268615.59804
1,weighted_cap_fifo,model_15,0.75,0.25,0.7,7736443142.490176,83334050996.25,91070494138.74017
1,weighted_cap_fifo,model_16,0.8,0.19999999999999996,0.7,6015503500.168032,88491477200.0,94506980700.16803
1,weighted_cap_fifo,model_17,0.85,0.15000000000000002,0.7,4532975264.596592,94962190097.4,99495165361.99658
1,weighted_cap_fifo,model_18,0.9,0.09999999999999998,0.7,3016758042.3380146,99779385663.0,102796143705.33801
1,weighted_cap_fifo,model_19,0.95,0.050000000000000044,0.7,1519324099.8430104,105548459686.25,107067783786.09302
1,weighted_cap_fifo,model_20,1.0,0.0,0.7,0.0,111202011510.0,111202011510.0
1,pcaps,model_0,0.0,1.0,0.7,23796768167.95912,0.0,23796768167.95912
1,pcaps,model_1,0.05,0.95,0.7,22606929759.561836,5457307075.0,28064236834.561836
1,pcaps,model_2,0.1,0.9,0.7,21417091351.16516,10914614150.0,32331705501.16516
1,pcaps,model_3,0.15,0.85,0.7,20227252942.76749,16371921225.0,36599174167.76749
1,pcaps,model_4,0.2,0.8,0.7,19037414534.367954,21829228300.0,40866642834.36795
1,pcaps,model_5,0.25,0.75,0.7,17847576125.97053,27286535375.0,45134111500.970535
1,pcaps,model_6,0.3,0.7,0.7,16657737717.572336,32743842450.0,49401580167.572334
1,pcaps,model_7,0.35,0.65,0.7,15467899309.175106,38201149525.0,53669048834.17511
1,pcaps,model_8,0.4,0.6,0.7,14278060900.776066,43658456600.0,57936517500.77606
1,pcaps,model_9,0.45,0.55,0.7,13088222492.377663,49115763675.0,62203986167.37766
1,pcaps,model_10,0.5,0.5,0.7,11898384083.97956,54573070750.0,66471454833.97956
1,pcaps,model_11,0.55,0.44999999999999996,0.7,10708545675.58258,60030377825.0,70738923500.58258
1,pcaps,model_12,0.6,0.4,0.7,9518707267.183977,65487684900.0,75006392167.18398
1,pcaps,model_13,0.65,0.35,0.7,8328868858.786168,70944991975.0,79273860833.78616
1,pcaps,model_14,0.7,0.30000000000000004,0.7,7139030450.388033,76402299050.0,83541329500.38803
1,pcaps,model_15,0.75,0.25,0.7,5949192041.98978,81859606125.0,87808798166.98978
1,pcaps,model_16,0.8,0.19999999999999996,0.7,4759353633.591989,87316913200.0,92076266833.592
1,pcaps,model_17,0.85,0.15000000000000002,0.7,3569515225.1940165,92774220275.0,96343735500.19402
1,pcaps,model_18,0.9,0.09999999999999998,0.7,2379676816.7959943,98231527350.0,100611204166.79599
1,pcaps,model_19,0.95,0.050000000000000044,0.7,1189838408.3979971,103688834425.0,104878672833.398
1,pcaps,model_20,1.0,0.0,0.7,0.0,109146141500.0,109146141500.0
2,spark_fifo,model_0,0.0,1.0,0.7,37973718583.83066,0.0,37973718583.83066
2,spark_fifo,model_1,0.05,0.95,0.7,36075032654.638245,5723881739.1,41798914393.73824
2,spark_fifo,model_2,0.1,0.9,0.7,34176346725.447243,11447763478.2,45624110203.64725
2,spark_fifo,model_3,0.15,0.85,0.7,32277660796.255688,17171645217.3,49449306013.55569
2,spark_fifo,model_4,0.2,0.8,0.7,30378974867.064255,22895526956.4,53274501823.46426
2,spark_fifo,model_5,0.25,0.75,0.7,28480288937.87244,28619408695.5,57099697633.37244
2,spark_fifo,model_6,0.3,0.7,0.7,26581603008.680668,34343290434.6,60924893443.28067
2,spark_fifo,model_7,0.35,0.65,0.7,24682917079.489452,40067172173.7,64750089253.18945
2,spark_fifo,model_8,0.4,0.6,0.7,22784231150.298172,45791053912.8,68575285063.098175
2,spark_fifo,model_9,0.45,0.55,0.7,20885545221.107002,51514935651.9,72400480873.007
2,spark_fifo,model_10,0.5,0.5,0.7,18986859291.91533,57238817391.0,76225676682.91533
2,spark_fifo,model_11,0.55,0.44999999999999996,0.7,17088173362.723621,62962699130.1,80050872492.82362
2,spark_fifo,model_12,0.6,0.4,0.7,15189487433.532127,68686580869.2,83876068302.73212
2,spark_fifo,model_13,0.65,0.35,0.7,13290801504.340334,74410462608.3,87701264112.64034
2,spark_fifo,model_14,0.7,0.30000000000000004,0.7,11392115575.149086,80134344347.4,91526459922.54907
2,spark_fifo,model_15,0.75,0.25,0.7,9493429645.957664,85858226086.5,95351655732.45767
2,spark_fifo,model_16,0.8,0.19999999999999996,0.7,7594743716.766063,91582107825.6,99176851542.36607
2,spark_fifo,model_17,0.85,0.15000000000000002,0.7,5696057787.574543,97305989564.7,103002047352.27454
2,spark_fifo,model_18,0.9,0.09999999999999998,0.7,3797371858.3830314,103029871303.8,106827243162.18303
2,spark_fifo,model_19,0.95,0.050000000000000044,0.7,1898685929.191516,108753753042.9,110652438972.0915
2,spark_fifo,model_20,1.0,0.0,0.7,0.0,114477634782.0,114477634782.0
2,cap_fifo,model_0,0.0,1.0,0.7,27708247959.180214,0.0,27708247959.180214
2,cap_fifo,model_1,0.05,0.95,0.7,26322835561.220787,5784148856.7,32106984417.920788
2,cap_fifo,model_2,0.1,0.9,0.7,24937423163.26211,11568297713.4,36505720876.66211
2,cap_fifo,model_3,0.15,0.85,0.7,23552010765.30291,17352446570.1,40904457335.40291
2,cap_fifo,model_4,0.2,0.8,0.7,22166598367.344193,23136595426.8,45303193794.144196
2,cap_fifo,model_5,0.25,0.75,0.7,20781185969.384945,28920744283.5,49701930252.88495
2,cap_fifo,model_6,0.3,0.7,0.7,19395773571.425877,34704893140.2,54100666711.62587
2,cap_fifo,model_7,0.35,0.65,0.7,18010361173.466774,40489041996.9,58499403170.366776
2,cap_fifo,model_8,0.4,0.6,0.7,16624948775.507687,46273190853.6,62898139629.10768
2,cap_fifo,model_9,0.45,0.55,0.7,15239536377.548542,52057339710.3,67296876087.84854
2,cap_fifo,model_10,0.5,0.5,0.7,13854123979.590107,57841488567.0,71695612546.5901
2,cap_fifo,model_11,0.55,0.44999999999999996,0.7,12468711581.631056,63625637423.7,76094349005.33105
2,cap_fifo,model_12,0.6,0.4,0.7,11083299183.672096,69409786280.4,80493085464.07208
2,cap_fifo,model_13,0.65,0.35,0.7,9697886785.712938,75193935137.1,84891821922.81294
2,cap_fifo,model_14,0.7,0.30000000000000004,0.7,8312474387.753843,80978083993.8,89290558381.55385
2,cap_fifo,model_15,0.75,0.25,0.7,6927061989.7950535,86762232850.5,93689294840.29506
2,cap_fifo,model_16,0.8,0.19999999999999996,0.7,5541649591.836048,92546381707.2,98088031299.03604
2,cap_fifo,model_17,0.85,0.15000000000000002,0.7,4156237193.8769217,98330530563.9,102486767757.77692
2,cap_fifo,model_18,0.9,0.09999999999999998,0.7,2770824795.918024,104114679420.6,106885504216.51804
2,cap_fifo,model_19,0.95,0.050000000000000044,0.7,1385412397.9590123,109898828277.3,111284240675.25902
2,cap_fifo,model_20,1.0,0.0,0.7,0.0,115682977134.0,115682977134.0
2,new_cap_fifo,model_0,0.0,1.0,0.7,26430763748.749924,0.0,26430763748.749924
2,new_cap_fifo,model_1,0.05,0.95,0.7,25109225561.311245,5738996427.6,30848221988.911247
2,new_cap_fifo,model_2,0.1,0.9,0.7,23787687373.875835,11477992855.2,35265680229.075836
2,new_cap_fifo,model_3,0.15,0.85,0.7,22466149186.437466,17216989282.8,39683138469.237465
2,new_cap_fifo,model_4,0.2,0.8,0.7,21144610999.000492,22955985710.4,44100596709.4005
2,new_cap_fifo,model_5,0.25,0.75,0.7,19823072811.562473,28694982138.0,48518054949.56247
2,new_cap_fifo,model_6,0.3,0.7,0.7,18501534624.124634,34433978565.6,52935513189.72463
2,new_cap_fifo,model_7,0.35,0.65,0.7,17179996436.687572,40172974993.2,57352971429.88757
2,new_cap_fifo,model_8,0.4,0.6,0.7,15858458249.250465,45911971420.8,61770429670.05047
2,new_cap_fifo,model_9,0.45,0.55,0.7,14536920061.812185,51650967848.4,66187887910.21219
2,new_cap_fifo,model_10,0.5,0.5,0.7,13215381874.374962,57389964276.0,70605346150.37497
2,new_cap_fifo,model_11,0.55,0.44999999999999996,0.7,11893843686.937918,63128960703.6,75022804390.53792
2,new_cap_fifo,model_12,0.6,0.4,0.7,10572305499.500246,68867957131.2,79440262630.70024
2,new_cap_fifo,model_13,0.65,0.35,0.7,9250767312.062317,74606953558.8,83857720870.86232
2,new_cap_fifo,model_14,0.7,0.30000000000000004,0.7,7929229124.625233,80345949986.4,88275179111.02522
2,new_cap_fifo,model_15,0.75,0.25,0.7,6607690937.187481,86084946414.0,92692637351.18748
2,new_cap_fifo,model_16,0.8,0.19999999999999996,0.7,5286152749.750123,91823942841.6,97110095591.35013
2,new_cap_fifo,model_17,0.85,0.15000000000000002,0.7,3964614562.3126163,97562939269.2,101527553831.51262
2,new_cap_fifo,model_18,0.9,0.09999999999999998,0.7,2643076374.8750615,103301935696.8,105945012071.67506
2,new_cap_fifo,model_19,0.95,0.050000000000000044,0.7,1321538187.4375308,109040932124.4,110362470311.83752
2,new_cap_fifo,model_20,1.0,0.0,0.7,0.0,114779928552.0,114779928552.0
2,backfill_cap_fifo,model_0,0.0,1.0,0.7,27398941587.72007,0.0,27398941587.72007
2,backfill_cap_fifo,model_1,0.05,0.95,0.7,26028994508.333862,5732811380.55,31761805888.88386
2,backfill_cap_fifo,model_2,0.1,0.9,0.7,24659047428.947956,11465622761.1,36124670190.04796
2,backfill_cap_fifo,model_3,0.15,0.85,0.7,23289100349.562023,17198434141.65,40487534491.21202
2,backfill_cap_fifo,model_4,0.2,0.8,0.7,21919153270.17595,22931245522.2,44850398792.375946
2,backfill_cap_fifo,model_5,0.25,0.75,0.7,20549206190.7899,28664056902.75,49213263093.5399
2,backfill_cap_fifo,model_6,0.3,0.7,0.7,19179259111.404232,34396868283.3,53576127394.70424
2,backfill_cap_fifo,model_7,0.35,0.65,0.7,17809312032.018105,40129679663.85,57938991695.8681
2,backfill_cap_fifo,model_8,0.4,0.6,0.7,16439364952.631945,45862491044.4,62301855997.031944
2,backfill_cap_fifo,model_9,0.45,0.55,0.7,15069417873.245922,51595302424.95,66664720298.19592
2,backfill_cap_fifo,model_10,0.5,0.5,0.7,13699470793.860035,57328113805.5,71027584599.36003
2,backfill_cap_fifo,model_11,0.55,0.44999999999999996,0.7,12329523714.473978,63060925186.05,75390448900.52399
2,backfill_cap_fifo,model_12,0.6,0.4,0.7,10959576635.087975,68793736566.6,79753313201.68799
2,backfill_cap_fifo,model_13,0.65,0.35,0.7,9589629555.702116,74526547947.15,84116177502.85211
2,backfill_cap_fifo,model_14,0.7,0.30000000000000004,0.7,8219682476.315972,80259359327.7,88479041804.01598
2,backfill_cap_fifo,model_15,0.75,0.25,0.7,6849735396.930017,85992170708.25,92841906105.18002
2,backfill_cap_fifo,model_16,0.8,0.19999999999999996,0.7,5479788317.543987,91724982088.8,97204770406.344
2,backfill_cap_fifo,model_17,0.85,0.15000000000000002,0.7,4109841238.157986,97457793469.35,101567634707.508
2,backfill_cap_fifo,model_18,0.9,0.09999999999999998,0.7,2739894158.7719936,103190604849.9,105930499008.67198
2,backfill_cap_fifo,model_19,0.95,0.050000000000000044,0.7,1369947079.385997,108923416230.45,110293363309.836
2,backfill_cap_fifo,model_20,1.0,0.0,0.7,0.0,114656227611.0,114656227611.0
2,dynamic_b_cap_fifo,model_0,0.0,1.0,0.7,27015661878.190647,0.0,27015661878.190647
2,dynamic_b_cap_fifo,model_1,0.05,0.95,0.7,25658582303.495422,5742656965.65,31401239269.145424
2,dynamic_b_cap_fifo,model_2,0.1,0.9,0.7,24223232951.883656,11485644059.4,35708877011.28365
2,dynamic_b_cap_fifo,model_3,0.15,0.85,0.7,23287794831.213417,17226883416.15,40514678247.36342
2,dynamic_b_cap_fifo,model_4,0.2,0.8,0.7,22113418086.831753,22972103729.4,45085521816.23175
2,dynamic_b_cap_fifo,model_5,0.25,0.75,0.7,20113053718.36528,28714514717.25,48827568435.61528
2,dynamic_b_cap_fifo,model_6,0.3,0.7,0.7,18866085001.112514,34458058497.6,53324143498.71251
2,dynamic_b_cap_fifo,model_7,0.35,0.65,0.7,17747967014.07608,40197330031.95,57945297046.02608
2,dynamic_b_cap_fifo,model_8,0.4,0.6,0.7,16232406783.870247,45924218526.0,62156625309.87025
2,dynamic_b_cap_fifo,model_9,0.45,0.55,0.7,15025961468.42438,51663668070.6,66689629539.024376
2,dynamic_b_cap_fifo,model_10,0.5,0.5,0.7,13423062888.134897,57398767692.0,70821830580.1349
2,dynamic_b_cap_fifo,model_11,0.55,0.44999999999999996,0.7,12100315279.436981,63171789969.75,75272105249.18698
2,dynamic_b_cap_fifo,model_12,0.6,0.4,0.7,10734281065.352093,68916116995.2,79650398060.5521
2,dynamic_b_cap_fifo,model_13,0.65,0.35,0.7,9633211129.33551,74654750929.2,84287962058.5355
2,dynamic_b_cap_fifo,model_14,0.7,0.30000000000000004,0.7,8042238281.778063,80343865648.2,88386103929.97806
2,dynamic_b_cap_fifo,model_15,0.75,0.25,0.7,6666029716.110041,86141553673.5,92807583389.61005
2,dynamic_b_cap_fifo,model_16,0.8,0.19999999999999996,0.7,5402333721.973893,91873966958.4,97276300680.37389
2,dynamic_b_cap_fifo,model_17,0.85,0.15000000000000002,0.7,4097652374.0100327,97560408287.1,101658060661.11005
2,dynamic_b_cap_fifo,model_18,0.9,0.09999999999999998,0.7,2679355622.940983,103369573118.7,106048928741.64098
2,dynamic_b_cap_fifo,model_19,0.95,0.050000000000000044,0.7,1370912588.315015,109098306446.25,110469219034.56502
2,dynamic_b_cap_fifo,model_20,1.0,0.0,0.7,0.0,114855404898.0,114855404898.0
2,efficiency_cap_fifo,model_0,0.0,1.0,0.7,26516605192.080215,0.0,26516605192.080215
2,efficiency_cap_fifo,model_1,0.05,0.95,0.7,25155035948.521492,5734342268.7,30889378217.221493
2,efficiency_cap_fifo,model_2,0.1,0.9,0.7,23158833962.004284,11466257124.9,34625091086.90428
2,efficiency_cap_fifo,model_3,0.15,0.85,0.7,21980151077.40898,17198434141.65,39178585219.05898
2,efficiency_cap_fifo,model_4,0.2,0.8,0.7,21237500954.887627,22920370714.2,44157871669.08763
2,efficiency_cap_fifo,model_5,0.25,0.75,0.7,19669632683.632275,28671711343.5,48341344027.13228
2,efficiency_cap_fifo,model_6,0.3,0.7,0.7,18104431034.508434,34419394671.3,52523825705.80844
2,efficiency_cap_fifo,model_7,0.35,0.65,0.7,17002762888.754446,40140395880.9,57143158769.65445
2,efficiency_cap_fifo,model_8,0.4,0.6,0.7,15515474394.629963,45874738149.6,61390212544.229965
2,efficiency_cap_fifo,model_9,0.45,0.55,0.7,14159648898.119915,51570834106.95,65730483005.069916
2,efficiency_cap_fifo,model_10,0.5,0.5,0.7,13039566929.390072,57328113805.5,70367680734.89008
2,efficiency_cap_fifo,model_11,0.55,0.44999999999999996,0.7,11753690456.128414,63102223564.05,74855914020.17842
2,efficiency_cap_fifo,model_12,0.6,0.4,0.7,10585061287.043715,68838789342.6,79423850629.64372
2,efficiency_cap_fifo,model_13,0.65,0.35,0.7,9379530126.03608,74526547947.15,83906078073.18607
2,efficiency_cap_fifo,model_14,0.7,0.30000000000000004,0.7,7988376417.627121,80259359327.7,88247735745.32712
2,efficiency_cap_fifo,model_15,0.75,0.25,0.7,6498141216.349858,86048486678.25,92546627894.59985
2,efficiency_cap_fifo,model_16,0.8,0.19999999999999996,0.7,5307749000.141836,91785052456.8,97092801456.94183
2,efficiency_cap_fifo,model_17,0.85,0.15000000000000002,0.7,3998333159.8350124,97463185561.65,101461518721.485
2,efficiency_cap_fifo,model_18,0.9,0.09999999999999998,0.7,2571130730.331927,103054572653.4,105625703383.73192
2,efficiency_cap_fifo,model_19,0.95,0.050000000000000044,0.7,1315897723.288491,108994749792.45,110310647515.7385
2,efficiency_cap_fifo,model_20,1.0,0.0,0.7,0.0,114731315571.0,114731315571.0
2,lookahead_cap_fifo,model_0,0.0,1.0,0.7,27177277036.89018,0.0,27177277036.89018
2,lookahead_cap_fifo,model_1,0.05,0.95,0.7,26678657857.80756,5733128562.45,32411786420.25756
2,lookahead_cap_fifo,model_2,0.1,0.9,0.7,24447729966.68739,11466257124.9,35913987091.58739
2,lookahead_cap_fifo,model_3,0.15,0.85,0.7,23333217136.985233,17199385687.35,40532602824.335236
2,lookahead_cap_fifo,model_4,0.2,0.8,0.7,21844782381.663963,22931245522.2,44776027903.86397
2,lookahead_cap_fifo,model_5,0.25,0.75,0.7,21201923122.432564,28664056902.75,49865980025.18256
2,lookahead_cap_fifo,model_6,0.3,0.7,0.7,18771715250.41388,34396868283.3,53168583533.71388
2,lookahead_cap_fifo,model_7,0.35,0.65,0.7,18038368128.67054,40129679663.85,58168047792.52054
2,lookahead_cap_fifo,model_8,0.4,0.6,0.7,16106834092.422035,45892526228.4,61999360320.82204
2,lookahead_cap_fifo,model_9,0.45,0.55,0.7,15306992198.118223,51598157062.05,66905149260.16823
2,lookahead_cap_fifo,model_10,0.5,0.5,0.7,13553687096.680117,57300926785.5,70854613882.18011
2,lookahead_cap_fifo,model_11,0.55,0.44999999999999996,0.7,12924977554.39961,63064414186.95,75989391741.34961
2,lookahead_cap_fifo,model_12,0.6,0.4,0.7,10964013442.239761,68793736566.6,79757750008.83977
2,lookahead_cap_fifo,model_13,0.65,0.35,0.7,9454719102.850332,74530671311.85,83985390414.70033
2,lookahead_cap_fifo,model_14,0.7,0.30000000000000004,0.7,8019565513.629057,80259359327.7,88278924841.32906
2,lookahead_cap_fifo,model_15,0.75,0.25,0.7,6853635489.98259,85992170708.25,92845806198.23259
2,lookahead_cap_fifo,model_16,0.8,0.19999999999999996,0.7,5385561442.887967,91730056999.2,97115618442.08797
2,lookahead_cap_fifo,model_17,0.85,0.15000000000000002,0.7,4124739161.3925495,97457793469.35,101582532630.74255
2,lookahead_cap_fifo,model_18,0.9,0.09999999999999998,0.7,2730501790.248993,103196314124.1,105926815914.349
2,lookahead_cap_fifo,model_19,0.95,0.050000000000000044,0.7,1383076523.7184675,108923416230.45,110306492754.16846
2,lookahead_cap_fifo,model_20,1.0,0.0,0.7,0.0,114662571249.0,114662571249.0
2,weighted_cap_fifo,model_0,0.0,1.0,0.7,27162570229.35956,0.0,27162570229.35956
2,weighted_cap_fifo,model_1,0.05,0.95,0.7,25388141908.40974,5725901346.3,31114043254.70974
2,weighted_cap_fifo,model_2,0.1,0.9,0.7,24967038400.89361,11466257124.9,36433295525.79361
2,weighted_cap_fifo,model_3,0.15,0.85,0.7,23525210024.92299,17198434141.65,40723644166.57299
2,weighted_cap_fifo,model_4,0.2,0.8,0.7,21304135293.999752,22931245522.2,44235380816.19975
2,weighted_cap_fifo,model_5,0.25,0.75,0.7,20407621876.98003,28629506731.5,49037128608.48003
2,weighted_cap_fifo,model_6,0.3,0.7,0.7,19257082063.779015,34355408077.8,53612490141.57901
2,weighted_cap_fifo,model_7,0.35,0.65,0.7,17433940031.423527,40155960449.85,57589900481.27353
2,weighted_cap_fifo,model_8,0.4,0.6,0.7,16015137053.009922,45807210770.4,61822347823.40993
2,weighted_cap_fifo,model_9,0.45,0.55,0.7,14730928182.73978,51629092006.95,66360020189.68977
2,weighted_cap_fifo,model_10,0.5,0.5,0.7,13483511313.175,57259013463.0,70742524776.175
2,weighted_cap_fifo,model_11,0.55,0.44999999999999996,0.7,12137457584.938704,63060925186.05,75198382770.98871
2,weighted_cap_fifo,model_12,0.6,0.4,0.7,10986658179.247782,68793736566.6,79780394745.8478
2,weighted_cap_fifo,model_13,0.65,0.35,0.7,9410268483.462101,74575355121.15,83985623604.61209
2,weighted_cap_fifo,model_14,0.7,0.30000000000000004,0.7,8115282349.296002,80311920899.7,88427203248.996
2,weighted_cap_fifo,model_15,0.75,0.25,0.7,6829020392.349916,85992170708.25,92821191100.59991
2,weighted_cap_fifo,model_16,0.8,0.19999999999999996,0.7,5410136581.946015,91724982088.8,97135118670.74602
2,weighted_cap_fifo,model_17,0.85,0.15000000000000002,0.7,3931543209.2864676,97521618235.35,101453161444.63647
2,weighted_cap_fifo,model_18,0.9,0.09999999999999998,0.7,2719218343.783973,103258184013.9,105977402357.68396
2,weighted_cap_fifo,model_19,0.95,0.050000000000000044,0.7,1345156264.0815036,108915114479.7,110260270743.7815
2,weighted_cap_fifo,model_20,1.0,0.0,0.7,0.0,114731315571.0,114731315571.0
2,pcaps,model_0,0.0,1.0,0.7,19828570881.480415,0.0,19828570881.480415
2,pcaps,model_1,0.05,0.95,0.7,18837142337.405994,5728322285.7,24565464623.105995
2,pcaps,model_2,0.1,0.9,0.7,17845713793.331814,11456644571.4,29302358364.73181
2,pcaps,model_3,0.15,0.85,0.7,16854285249.257841,17184966857.1,34039252106.35784
2,pcaps,model_4,0.2,0.8,0.7,15862856705.184055,22913289142.8,38776145847.984055
2,pcaps,model_5,0.25,0.75,0.7,14871428161.10986,28641611428.5,43513039589.60986
2,pcaps,model_6,0.3,0.7,0.7,13879999617.036243,34369933714.2,48249933331.23624
2,pcaps,model_7,0.35,0.65,0.7,12888571072.96213,40098255999.9,52986827072.86213
2,pcaps,model_8,0.4,0.6,0.7,11897142528.887672,45826578285.6,57723720814.48767
2,pcaps,model_9,0.45,0.55,0.7,10905713984.814018,51554900571.3,62460614556.11402
2,pcaps,model_10,0.5,0.5,0.7,9914285440.740208,57283222857.0,67197508297.740204
2,pcaps,model_11,0.55,0.44999999999999996,0.7,8922856896.665907,63011545142.7,71934402039.3659
2,pcaps,model_12,0.6,0.4,0.7,7931428352.592028,68739867428.4,76671295780.99202
2,pcaps,model_13,0.65,0.35,0.7,6939999808.518122,74468189714.1,81408189522.61813
2,pcaps,model_14,0.7,0.30000000000000004,0.7,5948571264.443836,80196511999.8,86145083264.24384
2,pcaps,model_15,0.75,0.25,0.7,4957142720.370104,85924834285.5,90881977005.8701
2,pcaps,model_16,0.8,0.19999999999999996,0.7,3965714176.296014,91653156571.2,95618870747.49602
2,pcaps,model_17,0.85,0.15000000000000002,0.7,2974285632.221918,97381478856.9,100355764489.12192
2,pcaps,model_18,0.9,0.09999999999999998,0.7,1982857088.148007,103109801142.6,105092658230.74802
2,pcaps,model_19,0.95,0.050000000000000044,0.7,991428544.0740036,108838123428.3,109829551972.37401
2,pcaps,model_20,1.0,0.0,0.7,0.0,114566445714.0,114566445714.0
3,spark_fifo,model_0,0.0,1.0,0.7,42313758040.24974,0.0,42313758040.24974
3,spark_fifo,model_1,0.05,0.95,0.7,40198070138.2365,5006183072.7,45204253210.9365
3,spark_fifo,model_2,0.1,0.9,0.7,38082382236.22509,10012366145.4,48094748381.62509
3,spark_fifo,model_3,0.15,0.85,0.7,35966694334.21244,15018549218.1,50985243552.31244
3,spark_fifo,model_4,0.2,0.8,0.7,33851006432.19982,20024732290.8,53875738722.99982
3,spark_fifo,model_5,0.25,0.75,0.7,31735318530.18729,25030915363.5,56766233893.68729
3,spark_fifo,model_6,0.3,0.7,0.7,29619630628.175,30037098436.2,59656729064.375
3,spark_fifo,model_7,0.35,0.65,0.7,27503942726.16266,35043281508.9,62547224235.06266
3,spark_fifo,model_8,0.4,0.6,0.7,25388254824.14997,40049464581.6,65437719405.74997
3,spark_fifo,model_9,0.45,0.55,0.7,23272566922.137676,45055647654.3,68328214576.43768
3,spark_fifo,model_10,0.5,0.5,0.7,21156879020.12487,50061830727.0,71218709747.12488
3,spark_fifo,model_11,0.55,0.44999999999999996,0.7,19041191118.112545,55068013799.7,74109204917.81255
3,spark_fifo,model_12,0.6,0.4,0.7,16925503216.09991,60074196872.4,76999700088.49991
3,spark_fifo,model_13,0.65,0.35,0.7,14809815314.0875,65080379945.1,79890195259.1875
3,spark_fifo,model_14,0.7,0.30000000000000004,0.7,12694127412.074986,70086563017.8,82780690429.87498
3,spark_fifo,model_15,0.75,0.25,0.7,10578439510.062435,75092746090.5,85671185600.56244
3,spark_fifo,model_16,0.8,0.19999999999999996,0.7,8462751608.049955,80098929163.2,88561680771.24995
3,spark_fifo,model_17,0.85,0.15000000000000002,0.7,6347063706.037493,85105112235.9,91452175941.93748
3,spark_fifo,model_18,0.9,0.09999999999999998,0.7,4231375804.0249777,90111295308.6,94342671112.62498
3,spark_fifo,model_19,0.95,0.050000000000000044,0.7,2115687902.0124888,95117478381.3,97233166283.31248
3,spark_fifo,model_20,1.0,0.0,0.7,0.0,100123661454.0,100123661454.0
3,cap_fifo,model_0,0.0,1.0,0.7,30522216766.580273,0.0,30522216766.580273
3,cap_fifo,model_1,0.05,0.95,0.7,28996105928.251427,5716835769.75,34712941698.00143
3,cap_fifo,model_2,0.1,0.9,0.7,27469995089.921642,11433671539.5,38903666629.421646
3,cap_fifo,model_3,0.15,0.85,0.7,25943884251.59309,17150507309.25,43094391560.843094
3,cap_fifo,model_4,0.2,0.8,0.7,24417773413.26365,22867343079.0,47285116492.26365
3,cap_fifo,model_5,0.25,0.75,0.7,22891662574.93514,28584178848.75,51475841423.685135
3,cap_fifo,model_6,0.3,0.7,0.7,21365551736.606117,34301014618.5,55666566355.10612
3,cap_fifo,model_7,0.35,0.65,0.7,19839440898.27704,40017850388.25,59857291286.52704
3,cap_fifo,model_8,0.4,0.6,0.7,18313330059.947792,45734686158.0,64048016217.94779
3,cap_fifo,model_9,0.45,0.55,0.7,16787219221.618706,51451521927.75,68238741149.368706
3,cap_fifo,model_10,0.5,0.5,0.7,15261108383.290136,57168357697.5,72429466080.79013
3,cap_fifo,model_11,0.55,0.44999999999999996,0.7,13734997544.960821,62885193467.25,76620191012.21082
3,cap_fifo,model_12,0.6,0.4,0.7,12208886706.631824,68602029237.0,80810915943.63182
3,cap_fifo,model_13,0.65,0.35,0.7,10682775868.303059,74318865006.75,85001640875.05305
3,cap_fifo,model_14,0.7,0.30000000000000004,0.7,9156665029.973896,80035700776.5,89192365806.47389
3,cap_fifo,model_15,0.75,0.25,0.7,7630554191.645068,85752536546.25,93383090737.89507
3,cap_fifo,model_16,0.8,0.19999999999999996,0.7,6104443353.315912,91469372316.0,97573815669.31592
3,cap_fifo,model_17,0.85,0.15000000000000002,0.7,4578332514.986948,97186208085.75,101764540600.73695
3,cap_fifo,model_18,0.9,0.09999999999999998,0.7,3052221676.657956,102903043855.5,105955265532.15796
3,cap_fifo,model_19,0.95,0.050000000000000044,0.7,1526110838.3289783,108619879625.25,110145990463.57898
3,cap_fifo,model_20,1.0,0.0,0.7,0.0,114336715395.0,114336715395.0
3,new_cap_fifo,model_0,0.0,1.0,0.7,29501153192.569744,0.0,29501153192.569744
3,new_cap_fifo,model_1,0.05,0.95,0.7,28026095532.940952,5240864220.3,33266959753.24095
3,new_cap_fifo,model_2,0.1,0.9,0.7,26551037873.31238,10481728440.6,37032766313.912384
3,new_cap_fifo,model_3,0.15,0.85,0.7,25075980213.684727,15722592660.9,40798572874.584724
3,new_cap_fifo,model_4,0.2,0.8,0.7,23600922554.055717,20963456881.2,44564379435.25572
3,new_cap_fifo,model_5,0.25,0.75,0.7,22125864894.4272,26204321101.5,48330185995.9272
3,new_cap_fifo,model_6,0.3,0.7,0.7,20650807234.798656,31445185321.8,52095992556.598656
3,new_cap_fifo,model_7,0.35,0.65,0.7,19175749575.170208,36686049542.1,55861799117.2702
3,new_cap_fifo,model_8,0.4,0.6,0.7,17700691915.54237,41926913762.4,59627605677.94237
3,new_cap_fifo,model_9,0.45,0.55,0.7,16225634255.912971,47167777982.7,63393412238.61297
3,new_cap_fifo,model_10,0.5,0.5,0.7,14750576596.284872,52408642203.0,67159218799.284874
3,new_cap_fifo,model_11,0.55,0.44999999999999996,0.7,13275518936.65619,57649506423.3,70925025359.95619
3,new_cap_fifo,model_12,0.6,0.4,0.7,11800461277.027859,62890370643.6,74690831920.62785
3,new_cap_fifo,model_13,0.65,0.35,0.7,10325403617.399328,68131234863.9,78456638481.29933
3,new_cap_fifo,model_14,0.7,0.30000000000000004,0.7,8850345957.771185,73372099084.2,82222445041.97118
3,new_cap_fifo,model_15,0.75,0.25,0.7,7375288298.142436,78612963304.5,85988251602.64244
3,new_cap_fifo,model_16,0.8,0.19999999999999996,0.7,5900230638.513929,83853827524.8,89754058163.31393
3,new_cap_fifo,model_17,0.85,0.15000000000000002,0.7,4425172978.885592,89094691745.1,93519864723.9856
3,new_cap_fifo,model_18,0.9,0.09999999999999998,0.7,2950115319.2569647,94335555965.4,97285671284.65695
3,new_cap_fifo,model_19,0.95,0.050000000000000044,0.7,1475057659.6284826,99576420185.7,101051477845.32848
3,new_cap_fifo,model_20,1.0,0.0,0.7,0.0,104817284406.0,104817284406.0
3,backfill_cap_fifo,model_0,0.0,1.0,0.7,31190078221.83938,0.0,31190078221.83938
3,backfill_cap_fifo,model_1,0.05,0.95,0.7,29630574310.748276,5410292597.5,35040866908.248276
3,backfill_cap_fifo,model_2,0.1,0.9,0.7,28071070399.65641,10820585195.0,38891655594.65641
3,backfill_cap_fifo,model_3,0.15,0.85,0.7,26511566488.56446,16230877792.5,42742444281.06446
3,backfill_cap_fifo,model_4,0.2,0.8,0.7,24952062577.472248,21641170390.0,46593232967.472244
3,backfill_cap_fifo,model_5,0.25,0.75,0.7,23392558666.380127,27051462987.5,50444021653.88013
3,backfill_cap_fifo,model_6,0.3,0.7,0.7,21833054755.28755,32461755585.0,54294810340.28755
3,backfill_cap_fifo,model_7,0.35,0.65,0.7,20273550844.19617,37872048182.5,58145599026.69617
3,backfill_cap_fifo,model_8,0.4,0.6,0.7,18714046933.103714,43282340780.0,61996387713.103714
3,backfill_cap_fifo,model_9,0.45,0.55,0.7,17154543022.011753,48692633377.5,65847176399.51175
3,backfill_cap_fifo,model_10,0.5,0.5,0.7,15595039110.91969,54102925975.0,69697965085.9197
3,backfill_cap_fifo,model_11,0.55,0.44999999999999996,0.7,14035535199.828205,59513218572.5,73548753772.3282
3,backfill_cap_fifo,model_12,0.6,0.4,0.7,12476031288.736124,64923511170.0,77399542458.73613
3,backfill_cap_fifo,model_13,0.65,0.35,0.7,10916527377.643776,70333803767.5,81250331145.14377
3,backfill_cap_fifo,model_14,0.7,0.30000000000000004,0.7,9357023466.551857,75744096365.0,85101119831.55185
3,backfill_cap_fifo,model_15,0.75,0.25,0.7,7797519555.459845,81154388962.5,88951908517.95984
3,backfill_cap_fifo,model_16,0.8,0.19999999999999996,0.7,6238015644.368062,86564681560.0,92802697204.36806
3,backfill_cap_fifo,model_17,0.85,0.15000000000000002,0.7,4678511733.2759285,91974974157.5,96653485890.77592
3,backfill_cap_fifo,model_18,0.9,0.09999999999999998,0.7,3119007822.184031,97385266755.0,100504274577.18404
3,backfill_cap_fifo,model_19,0.95,0.050000000000000044,0.7,1559503911.0920155,102795559352.5,104355063263.59201
3,backfill_cap_fifo,model_20,1.0,0.0,0.7,0.0,108205851950.0,108205851950.0
3,dynamic_b_cap_fifo,model_0,0.0,1.0,0.7,31226328200.189686,0.0,31226328200.189686
3,dynamic_b_cap_fifo,model_1,0.05,0.95,0.7,29360136929.651745,5527005319.75,34887142249.40175
3,dynamic_b_cap_fifo,model_2,0.1,0.9,0.7,28109382198.598026,11156105011.5,39265487210.09802
3,dynamic_b_cap_fifo,model_3,0.15,0.85,0.7,26664362014.63862,16777996587.0,43442358601.63862
3,dynamic_b_cap_fifo,model_4,0.2,0.8,0.7,25293413842.96012,22066924306.0,47360338148.96012
3,dynamic_b_cap_fifo,model_5,0.25,0.75,0.7,23117912293.776848,27407007978.75,50524920272.52685
3,dynamic_b_cap_fifo,model_6,0.3,0.7,0.7,21698785678.317554,33266804304.0,54965589982.31755
3,dynamic_b_cap_fifo,model_7,0.35,0.65,0.7,20481991228.881214,38742770349.5,59224761578.38121
3,dynamic_b_cap_fifo,model_8,0.4,0.6,0.7,18608836051.584286,45125981726.4,63734817777.98428
3,dynamic_b_cap_fifo,model_9,0.45,0.55,0.7,17000535005.08514,49522606472.25,66523141477.335144
3,dynamic_b_cap_fifo,model_10,0.5,0.5,0.7,15399785792.479794,56284002775.5,71683788567.9798
3,dynamic_b_cap_fifo,model_11,0.55,0.44999999999999996,0.7,14132713811.845861,61677892349.7,75810606161.54585
3,dynamic_b_cap_fifo,model_12,0.6,0.4,0.7,12715234703.447735,67157777057.4,79873011760.84773
3,dynamic_b_cap_fifo,model_13,0.65,0.35,0.7,10692939251.746655,72737975395.8,83430914647.54666
3,dynamic_b_cap_fifo,model_14,0.7,0.30000000000000004,0.7,9548747273.550055,78513816708.6,88062563982.15005
3,dynamic_b_cap_fifo,model_15,0.75,0.25,0.7,7885219492.152366,83321890428.75,91207109920.90236
3,dynamic_b_cap_fifo,model_16,0.8,0.19999999999999996,0.7,6241402252.33199,90643404756.0,96884807008.33199
3,dynamic_b_cap_fifo,model_17,0.85,0.15000000000000002,0.7,4624749531.761992,95203843866.6,99828593398.362
3,dynamic_b_cap_fifo,model_18,0.9,0.09999999999999998,0.7,3183749506.953915,100791486270.0,103975235776.95392
3,dynamic_b_cap_fifo,model_19,0.95,0.050000000000000044,0.7,1527606590.9370131,106836110114.1,108363716705.03702
3,dynamic_b_cap_fifo,model_20,1.0,0.0,0.7,0.0,112033521684.0,112033521684.0
3,efficiency_cap_fifo,model_0,0.0,1.0,0.7,29538079714.600502,0.0,29538079714.600502
3,efficiency_cap_fifo,model_1,0.05,0.95,0.7,26316568703.73516,5096504293.2,31413072996.93516
3,efficiency_cap_fifo,model_2,0.1,0.9,0.7,26376593890.30177,10129001779.2,36505595669.50177
3,efficiency_cap_fifo,model_3,0.15,0.85,0.7,24110013207.4686,15209471991.6,39319485199.0686
3,efficiency_cap_fifo,model_4,0.2,0.8,0.7,23283885918.992386,20439196442.4,43723082361.39239
3,efficiency_cap_fifo,model_5,0.25,0.75,0.7,21390180211.417538,25349330449.5,46739510660.91754
3,efficiency_cap_fifo,model_6,0.3,0.7,0.7,19690559353.16401,30427511466.6,50118070819.76401
3,efficiency_cap_fifo,model_7,0.35,0.65,0.7,18481276600.74824,35701663143.3,54182939744.04825
3,efficiency_cap_fifo,model_8,0.4,0.6,0.7,16818439413.92374,40600296129.6,57418735543.52374
3,efficiency_cap_fifo,model_9,0.45,0.55,0.7,15856653248.386072,45465167532.6,61321820780.98607
3,efficiency_cap_fifo,model_10,0.5,0.5,0.7,14232756727.174889,50734083525.0,64966840252.17489
3,efficiency_cap_fifo,model_11,0.55,0.44999999999999996,0.7,12766772994.06634,56165014319.7,68931787313.76634
3,efficiency_cap_fifo,model_12,0.6,0.4,0.7,11175992501.779913,60767521923.6,71943514425.37991
3,efficiency_cap_fifo,model_13,0.65,0.35,0.7,9857397487.906631,66177441985.2,76034839473.10663
3,efficiency_cap_fifo,model_14,0.7,0.30000000000000004,0.7,8509277361.758982,70858225821.6,79367503183.359
3,efficiency_cap_fifo,model_15,0.75,0.25,0.7,7118330572.757496,76110401871.0,83228732443.75749
3,efficiency_cap_fifo,model_16,0.8,0.19999999999999996,0.7,5771348825.456052,82029339240.0,87800688065.45605
3,efficiency_cap_fifo,model_17,0.85,0.15000000000000002,0.7,4209453964.5824785,85982903688.0,90192357652.58247
3,efficiency_cap_fifo,model_18,0.9,0.09999999999999998,0.7,2796534912.8970375,91043752226.4,93840287139.29703
3,efficiency_cap_fifo,model_19,0.95,0.050000000000000044,0.7,1409606462.7395012,96181406990.7,97591013453.4395
3,efficiency_cap_fifo,model_20,1.0,0.0,0.7,0.0,102159070152.0,102159070152.0
3,lookahead_cap_fifo,model_0,0.0,1.0,0.7,31136863782.83011,0.0,31136863782.83011
3,lookahead_cap_fifo,model_1,0.05,0.95,0.7,29781753420.603542,5056616603.1,34838370023.703545
3,lookahead_cap_fifo,model_2,0.1,0.9,0.7,28097986251.599865,10075634711.4,38173620962.99986
3,lookahead_cap_fifo,model_3,0.15,0.85,0.7,26591060713.474014,15101853909.3,41692914622.77402
3,lookahead_cap_fifo,model_4,0.2,0.8,0.7,25264202150.615547,20173313046.0,45437515196.61555
3,lookahead_cap_fifo,model_5,0.25,0.75,0.7,24068864410.882458,25624649086.5,49693513497.38246
3,lookahead_cap_fifo,model_6,0.3,0.7,0.7,21939667085.118355,30258104538.6,52197771623.71835
3,lookahead_cap_fifo,model_7,0.35,0.65,0.7,20294431354.334,35207922248.1,55502353602.434
3,lookahead_cap_fifo,model_8,0.4,0.6,0.7,18872389268.022003,40208898777.6,59081288045.622
3,lookahead_cap_fifo,model_9,0.45,0.55,0.7,17264677032.668476,45282977375.4,62547654408.06848
3,lookahead_cap_fifo,model_10,0.5,0.5,0.7,15602721763.115225,50318434302.0,65921156065.11523
3,lookahead_cap_fifo,model_11,0.55,0.44999999999999996,0.7,13994808602.238047,55425393774.3,69420202376.53806
3,lookahead_cap_fifo,model_12,0.6,0.4,0.7,12496503849.619802,60318787838.4,72815291688.0198
3,lookahead_cap_fifo,model_13,0.65,0.35,0.7,11161270480.16056,66142294580.7,77303565060.86057
3,lookahead_cap_fifo,model_14,0.7,0.30000000000000004,0.7,9300356675.435942,70364530257.0,79664886932.43594
3,lookahead_cap_fifo,model_15,0.75,0.25,0.7,7900911106.660212,75578285385.0,83479196491.66022
3,lookahead_cap_fifo,model_16,0.8,0.19999999999999996,0.7,6102549236.490013,80392567838.4,86495117074.89001
3,lookahead_cap_fifo,model_17,0.85,0.15000000000000002,0.7,4805205153.550511,87836135180.4,92641340333.9505
3,lookahead_cap_fifo,model_18,0.9,0.09999999999999998,0.7,3095756580.796971,90569976222.6,93665732803.39697
3,lookahead_cap_fifo,model_19,0.95,0.050000000000000044,0.7,1551668070.5269818,95633078339.4,97184746409.92697
3,lookahead_cap_fifo,model_20,1.0,0.0,0.7,0.0,103010249304.0,103010249304.0
3,weighted_cap_fifo,model_0,0.0,1.0,0.7,31564042673.929417,0.0,31564042673.929417
3,weighted_cap_fifo,model_1,0.05,0.95,0.7,29447203204.55093,5514005322.0,34961208526.550934
3,weighted_cap_fifo,model_2,0.1,0.9,0.7,28145467709.667587,11018141753.0,39163609462.66759
3,weighted_cap_fifo,model_3,0.15,0.85,0.7,26091646865.770367,16545606684.75,42637253550.52037
3,weighted_cap_fifo,model_4,0.2,0.8,0.7,24946474315.87167,22223575396.0,47170049711.87167
3,weighted_cap_fifo,model_5,0.25,0.75,0.7,22850851285.357094,27683828456.25,50534679741.60709
3,weighted_cap_fifo,model_6,0.3,0.7,0.7,21551431767.956608,33139951392.0,54691383159.956604
3,weighted_cap_fifo,model_7,0.35,0.65,0.7,20107713982.154453,37749366887.75,57857080869.90445
3,weighted_cap_fifo,model_8,0.4,0.6,0.7,18641384983.39192,44387248028.0,63028633011.39192
3,weighted_cap_fifo,model_9,0.45,0.55,0.7,17148056619.006184,49545443443.5,66693500062.50618
3,weighted_cap_fifo,model_10,0.5,0.5,0.7,15605990432.079948,54634224680.0,70240215112.07996
3,weighted_cap_fifo,model_11,0.55,0.44999999999999996,0.7,13665220278.678028,59252181298.75,72917401577.42802
3,weighted_cap_fifo,model_12,0.6,0.4,0.7,12300718495.539982,65930482761.0,78231201256.53998
3,weighted_cap_fifo,model_13,0.65,0.35,0.7,10764388347.761948,72674357769.0,83438746116.76195
3,weighted_cap_fifo,model_14,0.7,0.30000000000000004,0.7,9167771581.098005,75593420231.0,84761191812.098
3,weighted_cap_fifo,model_15,0.75,0.25,0.7,7636923552.684907,81600499860.0,89237423412.6849
3,weighted_cap_fifo,model_16,0.8,0.19999999999999996,0.7,6307039606.038092,86655327260.0,92962366866.03809
3,weighted_cap_fifo,model_17,0.85,0.15000000000000002,0.7,4676980446.625531,92312524062.25,96989504508.87553
3,weighted_cap_fifo,model_18,0.9,0.09999999999999998,0.7,3064491587.9540486,98105880919.5,101170372507.45406
3,weighted_cap_fifo,model_19,0.95,0.050000000000000044,0.7,1572634335.8999743,106279277869.35,107851912205.24998
3,weighted_cap_fifo,model_20,1.0,0.0,0.7,0.0,108628056640.0,108628056640.0
3,pcaps,model_0,0.0,1.0,0.7,23627820205.360104,0.0,23627820205.360104
3,pcaps,model_1,0.05,0.95,0.7,22446429195.092094,5010470052.3,27456899247.392094
3,pcaps,model_2,0.1,0.9,0.7,21265038184.824196,10020940104.6,31285978289.424194
3,pcaps,model_3,0.15,0.85,0.7,20083647174.55635,15031410156.9,35115057331.45635
3,pcaps,model_4,0.2,0.8,0.7,18902256164.287403,20041880209.2,38944136373.487404
3,pcaps,model_5,0.25,0.75,0.7,17720865154.019905,25052350261.5,42773215415.519905
3,pcaps,model_6,0.3,0.7,0.7,16539474143.752174,30062820313.8,46602294457.55217
3,pcaps,model_7,0.35,0.65,0.7,15358083133.484451,35073290366.1,50431373499.58445
3,pcaps,model_8,0.4,0.6,0.7,14176692123.215826,40083760418.4,54260452541.61583
3,pcaps,model_9,0.45,0.55,0.7,12995301112.947794,45094230470.7,58089531583.64779
3,pcaps,model_10,0.5,0.5,0.7,11813910102.680052,50104700523.0,61918610625.68005
3,pcaps,model_11,0.55,0.44999999999999996,0.7,10632519092.412098,55115170575.3,65747689667.7121
3,pcaps,model_12,0.6,0.4,0.7,9451128082.143702,60125640627.6,69576768709.7437
3,pcaps,model_13,0.65,0.35,0.7,8269737071.876087,65136110679.9,73405847751.7761
3,pcaps,model_14,0.7,0.30000000000000004,0.7,7088346061.607913,70146580732.2,77234926793.8079
3,pcaps,model_15,0.75,0.25,0.7,5906955051.340026,75157050784.5,81064005835.84003
3,pcaps,model_16,0.8,0.19999999999999996,0.7,4725564041.071851,80167520836.8,84893084877.87186
3,pcaps,model_17,0.85,0.15000000000000002,0.7,3544173030.8039565,85177990889.1,88722163919.90396
3,pcaps,model_18,0.9,0.09999999999999998,0.7,2362782020.5359254,90188460941.4,92551242961.93591
3,pcaps,model_19,0.95,0.050000000000000044,0.7,1181391010.267963,95198930993.7,96380322003.96796
3,pcaps,model_20,1.0,0.0,0.7,0.0,100209401046.0,100209401046.0
4,spark_fifo,model_0,0.0,1.0,0.7,38574241709.11945,0.0,38574241709.11945
4,spark_fifo,model_1,0.05,0.95,0.7,36645529623.6634,4861978465.55,41507508089.2134
4,spark_fifo,model_2,0.1,0.9,0.7,34716817538.20847,9723956931.1,44440774469.30847
4,spark_fifo,model_3,0.15,0.85,0.7,32788105452.752197,14585935396.65,47374040849.4022
4,spark_fifo,model_4,0.2,0.8,0.7,30859393367.29601,19447913862.2,50307307229.49601
4,spark_fifo,model_5,0.25,0.75,0.7,28930681281.839497,24309892327.75,53240573609.58949
4,spark_fifo,model_6,0.3,0.7,0.7,27001969196.384342,29171870793.3,56173839989.68434
4,spark_fifo,model_7,0.35,0.65,0.7,25073257110.928406,34033849258.85,59107106369.778404
4,spark_fifo,model_8,0.4,0.6,0.7,23144545025.472095,38895827724.4,62040372749.8721
4,spark_fifo,model_9,0.45,0.55,0.7,21215832940.01627,43757806189.95,64973639129.96626
4,spark_fifo,model_10,0.5,0.5,0.7,19287120854.559727,48619784655.5,67906905510.05972
4,spark_fifo,model_11,0.55,0.44999999999999996,0.7,17358408769.104237,53481763121.05,70840171890.15424
4,spark_fifo,model_12,0.6,0.4,0.7,15429696683.648005,58343741586.6,73773438270.248
4,spark_fifo,model_13,0.65,0.35,0.7,13500984598.192171,63205720052.15,76706704650.34218
4,spark_fifo,model_14,0.7,0.30000000000000004,0.7,11572272512.736048,68067698517.7,79639971030.43605
4,spark_fifo,model_15,0.75,0.25,0.7,9643560427.279863,72929676983.25,82573237410.52986
4,spark_fifo,model_16,0.8,0.19999999999999996,0.7,7714848341.824002,77791655448.8,85506503790.62401
4,spark_fifo,model_17,0.85,0.15000000000000002,0.7,5786136256.368024,82653633914.35,88439770170.71803
4,spark_fifo,model_18,0.9,0.09999999999999998,0.7,3857424170.912001,87515612379.9,91373036550.812
4,spark_fifo,model_19,0.95,0.050000000000000044,0.7,1928712085.4560008,92377590845.45,94306302930.90599
4,spark_fifo,model_20,1.0,0.0,0.7,0.0,97239569311.0,97239569311.0
4,cap_fifo,model_0,0.0,1.0,0.7,27484872134.179745,0.0,27484872134.179745
4,cap_fifo,model_1,0.05,0.95,0.7,26110628527.47063,5461287187.25,31571915714.72063
4,cap_fifo,model_2,0.1,0.9,0.7,24736384920.76142,10922574374.5,35658959295.26142
4,cap_fifo,model_3,0.15,0.85,0.7,23362141314.05308,16383861561.75,39746002875.803085
4,cap_fifo,model_4,0.2,0.8,0.7,21987897707.34433,21845148749.0,43833046456.34433
4,cap_fifo,model_5,0.25,0.75,0.7,20613654100.635426,27306435936.25,47920090036.88542
4,cap_fifo,model_6,0.3,0.7,0.7,19239410493.92601,32767723123.5,52007133617.42601
4,cap_fifo,model_7,0.35,0.65,0.7,17865166887.216953,38229010310.75,56094177197.96695
4,cap_fifo,model_8,0.4,0.6,0.7,16490923280.507921,43690297498.0,60181220778.50792
4,cap_fifo,model_9,0.45,0.55,0.7,15116679673.79882,49151584685.25,64268264359.04882
4,cap_fifo,model_10,0.5,0.5,0.7,13742436067.089872,54612871872.5,68355307939.589874
4,cap_fifo,model_11,0.55,0.44999999999999996,0.7,12368192460.38071,60074159059.75,72442351520.1307
4,cap_fifo,model_12,0.6,0.4,0.7,10993948853.672165,65535446247.0,76529395100.67216
4,cap_fifo,model_13,0.65,0.35,0.7,9619705246.963005,70996733434.25,80616438681.21301
4,cap_fifo,model_14,0.7,0.30000000000000004,0.7,8245461640.253961,76458020621.5,84703482261.75397
4,cap_fifo,model_15,0.75,0.25,0.7,6871218033.544936,81919307808.75,88790525842.29494
4,cap_fifo,model_16,0.8,0.19999999999999996,0.7,5496974426.836082,87380594996.0,92877569422.83609
4,cap_fifo,model_17,0.85,0.15000000000000002,0.7,4122730820.1269803,92841882183.25,96964613003.37698
4,cap_fifo,model_18,0.9,0.09999999999999998,0.7,2748487213.418041,98303169370.5,101051656583.91805
4,cap_fifo,model_19,0.95,0.050000000000000044,0.7,1374243606.7090209,103764456557.75,105138700164.45901
4,cap_fifo,model_20,1.0,0.0,0.7,0.0,109225743745.0,109225743745.0
4,new_cap_fifo,model_0,0.0,1.0,0.7,25937709970.878963,0.0,25937709970.878963
4,new_cap_fifo,model_1,0.05,0.95,0.7,24640824472.336514,5003178301.5,29644002773.836514
4,new_cap_fifo,model_2,0.1,0.9,0.7,23343938973.792328,10006356603.0,33350295576.792328
4,new_cap_fifo,model_3,0.15,0.85,0.7,22047053475.247997,15009534904.5,37056588379.748
4,new_cap_fifo,model_4,0.2,0.8,0.7,20750167976.70368,20012713206.0,40762881182.703674
4,new_cap_fifo,model_5,0.25,0.75,0.7,19453282478.15989,25015891507.5,44469173985.65989
4,new_cap_fifo,model_6,0.3,0.7,0.7,18156396979.616085,30019069809.0,48175466788.61609
4,new_cap_fifo,model_7,0.35,0.65,0.7,16859511481.071836,35022248110.5,51881759591.57184
4,new_cap_fifo,model_8,0.4,0.6,0.7,15562625982.527874,40025426412.0,55588052394.52788
4,new_cap_fifo,model_9,0.45,0.55,0.7,14265740483.983936,45028604713.5,59294345197.48393
4,new_cap_fifo,model_10,0.5,0.5,0.7,12968854985.439482,50031783015.0,63000638000.43948
4,new_cap_fifo,model_11,0.55,0.44999999999999996,0.7,11671969486.896164,55034961316.5,66706930803.396164
4,new_cap_fifo,model_12,0.6,0.4,0.7,10375083988.35184,60038139618.0,70413223606.35184
4,new_cap_fifo,model_13,0.65,0.35,0.7,9078198489.808043,65041317919.5,74119516409.30804
4,new_cap_fifo,model_14,0.7,0.30000000000000004,0.7,7781312991.263937,70044496221.0,77825809212.26393
4,new_cap_fifo,model_15,0.75,0.25,0.7,6484427492.719741,75047674522.5,81532102015.21974
4,new_cap_fifo,model_16,0.8,0.19999999999999996,0.7,5187541994.17592,80050852824.0,85238394818.17592
4,new_cap_fifo,model_17,0.85,0.15000000000000002,0.7,3890656495.6319685,85054031125.5,88944687621.13197
4,new_cap_fifo,model_18,0.9,0.09999999999999998,0.7,2593770997.08796,90057209427.0,92650980424.08797
4,new_cap_fifo,model_19,0.95,0.050000000000000044,0.7,1296885498.54398,95060387728.5,96357273227.04398
4,new_cap_fifo,model_20,1.0,0.0,0.7,0.0,100063566030.0,100063566030.0
4,backfill_cap_fifo,model_0,0.0,1.0,0.7,27226324992.23902,0.0,27226324992.23902
4,backfill_cap_fifo,model_1,0.05,0.95,0.7,25865008742.627445,5235095913.65,31100104656.277443
4,backfill_cap_fifo,model_2,0.1,0.9,0.7,24503692493.016056,10470191827.3,34973884320.316055
4,backfill_cap_fifo,model_3,0.15,0.85,0.7,23142376243.403976,15705287740.95,38847663984.35397
4,backfill_cap_fifo,model_4,0.2,0.8,0.7,21781059993.791973,20940383654.6,42721443648.39197
4,backfill_cap_fifo,model_5,0.25,0.75,0.7,20419743744.18001,26175479568.25,46595223312.43001
4,backfill_cap_fifo,model_6,0.3,0.7,0.7,19058427494.567917,31410575481.9,50469002976.46792
4,backfill_cap_fifo,model_7,0.35,0.65,0.7,17697111244.95586,36645671395.55,54342782640.50586
4,backfill_cap_fifo,model_8,0.4,0.6,0.7,16335794995.34398,41880767309.2,58216562304.543976
4,backfill_cap_fifo,model_9,0.45,0.55,0.7,14974478745.731789,47115863222.85,62090341968.58179
4,backfill_cap_fifo,model_10,0.5,0.5,0.7,13613162496.11951,52350959136.5,65964121632.61951
4,backfill_cap_fifo,model_11,0.55,0.44999999999999996,0.7,12251846246.508028,57586055050.15,69837901296.65804
4,backfill_cap_fifo,model_12,0.6,0.4,0.7,10890529996.895987,62821150963.8,73711680960.69598
4,backfill_cap_fifo,model_13,0.65,0.35,0.7,9529213747.283958,68056246877.45,77585460624.73395
4,backfill_cap_fifo,model_14,0.7,0.30000000000000004,0.7,8167897497.67199,73291342791.1,81459240288.772
4,backfill_cap_fifo,model_15,0.75,0.25,0.7,6806581248.059755,78526438704.75,85333019952.80975
4,backfill_cap_fifo,model_16,0.8,0.19999999999999996,0.7,5445264998.447992,83761534618.4,89206799616.84799
4,backfill_cap_fifo,model_17,0.85,0.15000000000000002,0.7,4083948748.835995,88996630532.05,93080579280.886
4,backfill_cap_fifo,model_18,0.9,0.09999999999999998,0.7,2722632499.223996,94231726445.7,96954358944.924
4,backfill_cap_fifo,model_19,0.95,0.050000000000000044,0.7,1361316249.6119983,99466822359.35,100828138608.962
4,backfill_cap_fifo,model_20,1.0,0.0,0.7,0.0,104701918273.0,104701918273.0
4,dynamic_b_cap_fifo,model_0,0.0,1.0,0.7,27133965617.71955,0.0,27133965617.71955
4,dynamic_b_cap_fifo,model_1,0.05,0.95,0.7,25516893266.265167,5186264379.0,30703157645.265167
4,dynamic_b_cap_fifo,model_2,0.1,0.9,0.7,24272337301.884117,10334595477.6,34606932779.484116
4,dynamic_b_cap_fifo,model_3,0.15,0.85,0.7,23283910029.948044,15517872252.9,38801782282.848045
4,dynamic_b_cap_fifo,model_4,0.2,0.8,0.7,21717327157.03175,20474904003.6,42192231160.631744
4,dynamic_b_cap_fifo,model_5,0.25,0.75,0.7,20297015408.54248,25976678431.0,46273693839.54248
4,dynamic_b_cap_fifo,model_6,0.3,0.7,0.7,18811187347.484165,31183308659.1,49994496006.58417
4,dynamic_b_cap_fifo,model_7,0.35,0.65,0.7,17503422171.20236,36335644820.3,53839066991.502365
4,dynamic_b_cap_fifo,model_8,0.4,0.6,0.7,16405484034.336191,41266267401.6,57671751435.93619
4,dynamic_b_cap_fifo,model_9,0.45,0.55,0.7,14959991775.228168,46536073816.5,61496065591.728165
4,dynamic_b_cap_fifo,model_10,0.5,0.5,0.7,13638638218.169954,51445709187.0,65084347405.16995
4,dynamic_b_cap_fifo,model_11,0.55,0.44999999999999996,0.7,12381594135.268518,56980498862.1,69362092997.36852
4,dynamic_b_cap_fifo,model_12,0.6,0.4,0.7,10870303543.491894,61981384730.4,72851688273.89189
4,dynamic_b_cap_fifo,model_13,0.65,0.35,0.7,9505422635.91886,67142501318.1,76647923954.01886
4,dynamic_b_cap_fifo,model_14,0.7,0.30000000000000004,0.7,8034567597.960074,72612428068.6,80646995666.56007
4,dynamic_b_cap_fifo,model_15,0.75,0.25,0.7,6813523942.462659,77979675855.75,84793199798.21266
4,dynamic_b_cap_fifo,model_16,0.8,0.19999999999999996,0.7,5456990989.035919,83763114452.8,89220105441.83592
4,dynamic_b_cap_fifo,model_17,0.85,0.15000000000000002,0.7,4101450814.321532,87794851955.4,91896302769.72153
4,dynamic_b_cap_fifo,model_18,0.9,0.09999999999999998,0.7,2802006100.366006,93292215490.8,96094221591.16602
4,dynamic_b_cap_fifo,model_19,0.95,0.050000000000000044,0.7,1370592572.095991,97797109377.0,99167701949.096
4,dynamic_b_cap_fifo,model_20,1.0,0.0,0.7,0.0,102084533694.0,102084533694.0
4,efficiency_cap_fifo,model_0,0.0,1.0,0.7,26199030571.51036,0.0,26199030571.51036
4,efficiency_cap_fifo,model_1,0.05,0.95,0.7,24251416721.260067,5078919258.3,29330335979.560066
4,efficiency_cap_fifo,model_2,0.1,0.9,0.7,23218573260.77077,10155403615.8,33373976876.57077
4,efficiency_cap_fifo,model_3,0.15,0.85,0.7,22618039809.15902,15321383529.3,37939423338.459015
4,efficiency_cap_fifo,model_4,0.2,0.8,0.7,21181382397.639656,20268818144.4,41450200542.03966
4,efficiency_cap_fifo,model_5,0.25,0.75,0.7,19968726081.885124,25491474259.5,45460200341.385124
4,efficiency_cap_fifo,model_6,0.3,0.7,0.7,17989174689.47901,30515284459.8,48504459149.27901
4,efficiency_cap_fifo,model_7,0.35,0.65,0.7,17076171085.799034,35655765910.8,52731936996.59904
4,efficiency_cap_fifo,model_8,0.4,0.6,0.7,16040413651.770044,41231531210.4,57271944862.170044
4,efficiency_cap_fifo,model_9,0.45,0.55,0.7,14295467776.034283,46498598361.9,60794066137.93428
4,efficiency_cap_fifo,model_10,0.5,0.5,0.7,12933264131.305138,50684155107.0,63617419238.30514
4,efficiency_cap_fifo,model_11,0.55,0.44999999999999996,0.7,11184571657.584068,55888271006.7,67072842664.284065
4,efficiency_cap_fifo,model_12,0.6,0.4,0.7,10532231140.215778,61466131227.6,71998362367.81578
4,efficiency_cap_fifo,model_13,0.65,0.35,0.7,8870448891.56649,66660918737.4,75531367628.96649
4,efficiency_cap_fifo,model_14,0.7,0.30000000000000004,0.7,7546647338.697113,71730069251.4,79276716590.0971
4,efficiency_cap_fifo,model_15,0.75,0.25,0.7,6376938411.159953,76118852790.0,82495791201.15996
4,efficiency_cap_fifo,model_16,0.8,0.19999999999999996,0.7,5249209947.1559305,81789579220.8,87038789167.95593
4,efficiency_cap_fifo,model_17,0.85,0.15000000000000002,0.7,3819753508.7400723,86366947769.1,90186701277.84007
4,efficiency_cap_fifo,model_18,0.9,0.09999999999999998,0.7,2525176536.401974,92702813331.6,95227989868.00198
4,efficiency_cap_fifo,model_19,0.95,0.050000000000000044,0.7,1310889523.888514,97121372598.6,98432262122.48853
4,efficiency_cap_fifo,model_20,1.0,0.0,0.7,0.0,101518678290.0,101518678290.0
4,lookahead_cap_fifo,model_0,0.0,1.0,0.7,26799751474.83015,0.0,26799751474.83015
4,lookahead_cap_fifo,model_1,0.05,0.95,0.7,25766775059.791374,4984630476.9,30751405536.691376
4,lookahead_cap_fifo,model_2,0.1,0.9,0.7,23883431541.80377,10065098584.8,33948530126.603767
4,lookahead_cap_fifo,model_3,0.15,0.85,0.7,22734543440.341972,15022706681.7,37757250122.04198
4,lookahead_cap_fifo,model_4,0.2,0.8,0.7,21694653264.7995,20092093562.4,41786746827.1995
4,lookahead_cap_fifo,model_5,0.25,0.75,0.7,20008277045.062706,25291857724.5,45300134769.562706
4,lookahead_cap_fifo,model_6,0.3,0.7,0.7,18791491963.30695,29984799875.4,48776291838.706955
4,lookahead_cap_fifo,model_7,0.35,0.65,0.7,17915220502.97185,35326733750.7,53241954253.671844
4,lookahead_cap_fifo,model_8,0.4,0.6,0.7,16120761709.614159,39965382794.4,56086144504.01416
4,lookahead_cap_fifo,model_9,0.45,0.55,0.7,15234628781.047136,45143100095.4,60377728876.447136
4,lookahead_cap_fifo,model_10,0.5,0.5,0.7,13621233688.97525,50439531762.0,64060765450.97525
4,lookahead_cap_fifo,model_11,0.55,0.44999999999999996,0.7,11978807451.799492,55714139982.6,67692947434.39949
4,lookahead_cap_fifo,model_12,0.6,0.4,0.7,10592591799.9599,59883808352.4,70476400152.3599
4,lookahead_cap_fifo,model_13,0.65,0.35,0.7,9663938831.613607,64714002542.15,74377941373.76361
4,lookahead_cap_fifo,model_14,0.7,0.30000000000000004,0.7,8050143167.804993,69851795840.4,77901939008.20499
4,lookahead_cap_fifo,model_15,0.75,0.25,0.7,6741928357.382472,75786109996.5,82528038353.88248
4,lookahead_cap_fifo,model_16,0.8,0.19999999999999996,0.7,5367706587.537907,80736303302.4,86104009889.9379
4,lookahead_cap_fifo,model_17,0.85,0.15000000000000002,0.7,4031561223.675052,84181328740.7,88212889964.37505
4,lookahead_cap_fifo,model_18,0.9,0.09999999999999998,0.7,2692647185.5900307,89504893431.9,92197540617.49002
4,lookahead_cap_fifo,model_19,0.95,0.050000000000000044,0.7,1344518502.8354993,95267956545.9,96612475048.73549
4,lookahead_cap_fifo,model_20,1.0,0.0,0.7,0.0,100859571366.0,100859571366.0
4,weighted_cap_fifo,model_0,0.0,1.0,0.7,26319871057.65929,0.0,26319871057.65929
4,weighted_cap_fifo,model_1,0.05,0.95,0.7,26746136907.48633,5195848495.35,31941985402.836327
4,weighted_cap_fifo,model_2,0.1,0.9,0.7,24564031336.988632,10277349405.6,34841380742.58863
4,weighted_cap_fifo,model_3,0.15,0.85,0.7,23414767626.660423,15503272561.8,38918040188.46042
4,weighted_cap_fifo,model_4,0.2,0.8,0.7,21460870699.896194,20880464612.8,42341335312.6962
4,weighted_cap_fifo,model_5,0.25,0.75,0.7,19829367388.98015,26019518698.5,45848886087.48015
4,weighted_cap_fifo,model_6,0.3,0.7,0.7,18840696498.610092,31162152892.8,50002849391.410095
4,weighted_cap_fifo,model_7,0.35,0.65,0.7,17429507707.352215,36245698339.2,53675206046.552216
4,weighted_cap_fifo,model_8,0.4,0.6,0.7,16253752057.55412,40964831863.2,57218583920.75412
4,weighted_cap_fifo,model_9,0.45,0.55,0.7,14787829472.76221,46529691915.6,61317521388.36221
4,weighted_cap_fifo,model_10,0.5,0.5,0.7,13253646890.494932,51526753824.0,64780400714.494934
4,weighted_cap_fifo,model_11,0.55,0.44999999999999996,0.7,11842091324.109137,57034753362.4,68876844686.50914
4,weighted_cap_fifo,model_12,0.6,0.4,0.7,11047331381.520182,62297321194.8,73344652576.32019
4,weighted_cap_fifo,model_13,0.65,0.35,0.7,9498066027.75436,67128273985.5,76626340013.25436
4,weighted_cap_fifo,model_14,0.7,0.30000000000000004,0.7,8040534156.612123,72351551777.4,80392085934.01212
4,weighted_cap_fifo,model_15,0.75,0.25,0.7,6885842406.4850235,78014839911.75,84900682318.23502
4,weighted_cap_fifo,model_16,0.8,0.19999999999999996,0.7,5503192420.55196,82990473506.4,88493665926.95195
4,weighted_cap_fifo,model_17,0.85,0.15000000000000002,0.7,3854670930.4980226,88171313574.95,92025984505.44801
4,weighted_cap_fifo,model_18,0.9,0.09999999999999998,0.7,2693263371.045959,93394497027.6,96087760398.64597
4,weighted_cap_fifo,model_19,0.95,0.050000000000000044,0.7,1339635113.6204917,99768927466.55,101108562580.1705
4,weighted_cap_fifo,model_20,1.0,0.0,0.7,0.0,104319445461.0,104319445461.0
4,pcaps,model_0,0.0,1.0,0.7,19527134442.03033,0.0,19527134442.03033
4,pcaps,model_1,0.05,0.95,0.7,18550777719.928486,4791310088.65,23342087808.578484
4,pcaps,model_2,0.1,0.9,0.7,17574420997.82655,9582620177.3,27157041175.12655
4,pcaps,model_3,0.15,0.85,0.7,16598064275.725433,14373930265.95,30971994541.675434
4,pcaps,model_4,0.2,0.8,0.7,15621707553.62331,19165240354.6,34786947908.22331
4,pcaps,model_5,0.25,0.75,0.7,14645350831.522362,23956550443.25,38601901274.77236
4,pcaps,model_6,0.3,0.7,0.7,13668994109.420826,28747860531.9,42416854641.32083
4,pcaps,model_7,0.35,0.65,0.7,12692637387.319916,33539170620.55,46231808007.86992
4,pcaps,model_8,0.4,0.6,0.7,11716280665.218273,38330480709.2,50046761374.418274
4,pcaps,model_9,0.45,0.55,0.7,10739923943.116356,43121790797.85,53861714740.966354
4,pcaps,model_10,0.5,0.5,0.7,9763567221.015165,47913100886.5,57676668107.51517
4,pcaps,model_11,0.55,0.44999999999999996,0.7,8787210498.913275,52704410975.15,61491621474.06328
4,pcaps,model_12,0.6,0.4,0.7,7810853776.811655,57495721063.8,65306574840.61166
4,pcaps,model_13,0.65,0.35,0.7,6834497054.710413,62287031152.45,69121528207.16042
4,pcaps,model_14,0.7,0.30000000000000004,0.7,5858140332.609137,67078341241.1,72936481573.70914
4,pcaps,model_15,0.75,0.25,0.7,4881783610.507583,71869651329.75,76751434940.25758
4,pcaps,model_16,0.8,0.19999999999999996,0.7,3905426888.4058275,76660961418.4,80566388306.80582
4,pcaps,model_17,0.85,0.15000000000000002,0.7,2929070166.3045683,81452271507.05,84381341673.35457
4,pcaps,model_18,0.9,0.09999999999999998,0.7,1952713444.2029138,86243581595.7,88196295039.90291
4,pcaps,model_19,0.95,0.050000000000000044,0.7,976356722.1014569,91034891684.35,92011248406.45146
4,pcaps,model_20,1.0,0.0,0.7,0.0,95826201773.0,95826201773.0
5,spark_fifo,model_0,0.0,1.0,0.7,36291696331.2098,0.0,36291696331.2098
5,spark_fifo,model_1,0.05,0.95,0.7,34477111514.64952,6319867081.75,40796978596.39952
5,spark_fifo,model_2,0.1,0.9,0.7,32662526698.08892,12639734163.5,45302260861.58892
5,spark_fifo,model_3,0.15,0.85,0.7,30847941881.528522,18959601245.25,49807543126.77852
5,spark_fifo,model_4,0.2,0.8,0.7,29033357064.967903,25279468327.0,54312825391.9679
5,spark_fifo,model_5,0.25,0.75,0.7,27218772248.407486,31599335408.75,58818107657.157486
5,spark_fifo,model_6,0.3,0.7,0.7,25404187431.84701,37919202490.5,63323389922.347015
5,spark_fifo,model_7,0.35,0.65,0.7,23589602615.286625,44239069572.25,67828672187.53662
5,spark_fifo,model_8,0.4,0.6,0.7,21775017798.725674,50558936654.0,72333954452.72568
5,spark_fifo,model_9,0.45,0.55,0.7,19960432982.165577,56878803735.75,76839236717.91557
5,spark_fifo,model_10,0.5,0.5,0.7,18145848165.6049,63198670817.5,81344518983.1049
5,spark_fifo,model_11,0.55,0.44999999999999996,0.7,16331263349.04446,69518537899.25,85849801248.29446
5,spark_fifo,model_12,0.6,0.4,0.7,14516678532.483952,75838404981.0,90355083513.48395
5,spark_fifo,model_13,0.65,0.35,0.7,12702093715.923506,82158272062.75,94860365778.67351
5,spark_fifo,model_14,0.7,0.30000000000000004,0.7,10887508899.362837,88478139144.5,99365648043.86284
5,spark_fifo,model_15,0.75,0.25,0.7,9072924082.80245,94798006226.25,103870930309.05244
5,spark_fifo,model_16,0.8,0.19999999999999996,0.7,7258339266.241976,101117873308.0,108376212574.24197
5,spark_fifo,model_17,0.85,0.15000000000000002,0.7,5443754449.681418,107437740389.75,112881494839.43141
5,spark_fifo,model_18,0.9,0.09999999999999998,0.7,3629169633.120988,113757607471.5,117386777104.62099
5,spark_fifo,model_19,0.95,0.050000000000000044,0.7,1814584816.560494,120077474553.25,121892059369.8105
5,spark_fifo,model_20,1.0,0.0,0.7,0.0,126397341635.0,126397341635.0
5,cap_fifo,model_0,0.0,1.0,0.7,25707695116.230236,0.0,25707695116.230236
5,cap_fifo,model_1,0.05,0.95,0.7,24422310360.41814,7192377673.2,31614688033.61814
5,cap_fifo,model_2,0.1,0.9,0.7,23136925604.60674,14384755346.4,37521680951.00674
5,cap_fifo,model_3,0.15,0.85,0.7,21851540848.796146,21577133019.6,43428673868.39615
5,cap_fifo,model_4,0.2,0.8,0.7,20566156092.98395,28769510692.8,49335666785.78395
5,cap_fifo,model_5,0.25,0.75,0.7,19280771337.172577,35961888366.0,55242659703.17258
5,cap_fifo,model_6,0.3,0.7,0.7,17995386581.360752,43154266039.2,61149652620.560745
5,cap_fifo,model_7,0.35,0.65,0.7,16710001825.548769,50346643712.4,67056645537.94877
5,cap_fifo,model_8,0.4,0.6,0.7,15424617069.738155,57539021385.6,72963638455.33815
5,cap_fifo,model_9,0.45,0.55,0.7,14139232313.926487,64731399058.8,78870631372.72649
5,cap_fifo,model_10,0.5,0.5,0.7,12853847558.115118,71923776732.0,84777624290.11511
5,cap_fifo,model_11,0.55,0.44999999999999996,0.7,11568462802.30337,79116154405.2,90684617207.50337
5,cap_fifo,model_12,0.6,0.4,0.7,10283078046.491976,86308532078.4,96591610124.89197
5,cap_fifo,model_13,0.65,0.35,0.7,8997693290.680376,93500909751.6,102498603042.28038
5,cap_fifo,model_14,0.7,0.30000000000000004,0.7,7712308534.869078,100693287424.8,108405595959.66908
5,cap_fifo,model_15,0.75,0.25,0.7,6426923779.057559,107885665098.0,114312588877.05756
5,cap_fifo,model_16,0.8,0.19999999999999996,0.7,5141539023.245988,115078042771.2,120219581794.44598
5,cap_fifo,model_17,0.85,0.15000000000000002,0.7,3856154267.434539,122270420444.4,126126574711.83453
5,cap_fifo,model_18,0.9,0.09999999999999998,0.7,2570769511.622994,129462798117.6,132033567629.223
5,cap_fifo,model_19,0.95,0.050000000000000044,0.7,1285384755.8114972,136655175790.8,137940560546.6115
5,cap_fifo,model_20,1.0,0.0,0.7,0.0,143847553464.0,143847553464.0
5,new_cap_fifo,model_0,0.0,1.0,0.7,24401164702.09064,0.0,24401164702.09064
5,new_cap_fifo,model_1,0.05,0.95,0.7,23181106466.984646,7191950311.2,30373056778.184647
5,new_cap_fifo,model_2,0.1,0.9,0.7,21961048231.88057,14383900622.4,36344948854.28057
5,new_cap_fifo,model_3,0.15,0.85,0.7,20740989996.77663,21575850933.6,42316840930.37663
5,new_cap_fifo,model_4,0.2,0.8,0.7,19520931761.67155,28767801244.8,48288733006.47155
5,new_cap_fifo,model_5,0.25,0.75,0.7,18300873526.56717,35959751556.0,54260625082.56717
5,new_cap_fifo,model_6,0.3,0.7,0.7,17080815291.463062,43151701867.2,60232517158.663055
5,new_cap_fifo,model_7,0.35,0.65,0.7,15860757056.358448,50343652178.4,66204409234.75845
5,new_cap_fifo,model_8,0.4,0.6,0.7,14640698821.254019,57535602489.6,72176301310.85402
5,new_cap_fifo,model_9,0.45,0.55,0.7,13420640586.149166,64727552800.8,78148193386.94917
5,new_cap_fifo,model_10,0.5,0.5,0.7,12200582351.04532,71919503112.0,84120085463.04532
5,new_cap_fifo,model_11,0.55,0.44999999999999996,0.7,10980524115.940285,79111453423.2,90091977539.14029
5,new_cap_fifo,model_12,0.6,0.4,0.7,9760465880.835775,86303403734.4,96063869615.23576
5,new_cap_fifo,model_13,0.65,0.35,0.7,8540407645.731531,93495354045.6,102035761691.33154
5,new_cap_fifo,model_14,0.7,0.30000000000000004,0.7,7320349410.627009,100687304356.8,108007653767.42702
5,new_cap_fifo,model_15,0.75,0.25,0.7,6100291175.52266,107879254668.0,113979545843.52266
5,new_cap_fifo,model_16,0.8,0.19999999999999996,0.7,4880232940.417888,115071204979.2,119951437919.61789
5,new_cap_fifo,model_17,0.85,0.15000000000000002,0.7,3660174705.3135047,122263155290.4,125923329995.7135
5,new_cap_fifo,model_18,0.9,0.09999999999999998,0.7,2440116470.208944,129455105601.6,131895222071.80894
5,new_cap_fifo,model_19,0.95,0.050000000000000044,0.7,1220058235.104472,136647055912.8,137867114147.90448
5,new_cap_fifo,model_20,1.0,0.0,0.7,0.0,143839006224.0,143839006224.0
5,backfill_cap_fifo,model_0,0.0,1.0,0.7,25337831341.730175,0.0,25337831341.730175
5,backfill_cap_fifo,model_1,0.05,0.95,0.7,24070939774.64256,6514702572.9,30585642347.542557
5,backfill_cap_fifo,model_2,0.1,0.9,0.7,22804048207.55624,13029405145.8,35833453353.35624
5,backfill_cap_fifo,model_3,0.15,0.85,0.7,21537156640.47026,19544107718.7,41081264359.17026
5,backfill_cap_fifo,model_4,0.2,0.8,0.7,20270265073.383442,26058810291.6,46329075364.983444
5,backfill_cap_fifo,model_5,0.25,0.75,0.7,19003373506.29723,32573512864.5,51576886370.797226
5,backfill_cap_fifo,model_6,0.3,0.7,0.7,17736481939.21096,39088215437.4,56824697376.61096
5,backfill_cap_fifo,model_7,0.35,0.65,0.7,16469590372.123903,45602918010.3,62072508382.423904
5,backfill_cap_fifo,model_8,0.4,0.6,0.7,15202698805.038017,52117620583.2,67320319388.238014
5,backfill_cap_fifo,model_9,0.45,0.55,0.7,13935807237.951689,58632323156.1,72568130394.05168
5,backfill_cap_fifo,model_10,0.5,0.5,0.7,12668915670.865088,65147025729.0,77815941399.86508
5,backfill_cap_fifo,model_11,0.55,0.44999999999999996,0.7,11402024103.77812,71661728301.9,83063752405.67812
5,backfill_cap_fifo,model_12,0.6,0.4,0.7,10135132536.691721,78176430874.8,88311563411.49173
5,backfill_cap_fifo,model_13,0.65,0.35,0.7,8868240969.60548,84691133447.7,93559374417.30548
5,backfill_cap_fifo,model_14,0.7,0.30000000000000004,0.7,7601349402.519009,91205836020.6,98807185423.11902
5,backfill_cap_fifo,model_15,0.75,0.25,0.7,6334457835.432544,97720538593.5,104054996428.93254
5,backfill_cap_fifo,model_16,0.8,0.19999999999999996,0.7,5067566268.34586,104235241166.4,109302807434.74585
5,backfill_cap_fifo,model_17,0.85,0.15000000000000002,0.7,3800674701.2595043,110749943739.3,114550618440.55951
5,backfill_cap_fifo,model_18,0.9,0.09999999999999998,0.7,2533783134.17293,117264646312.2,119798429446.37292
5,backfill_cap_fifo,model_19,0.95,0.050000000000000044,0.7,1266891567.0864651,123779348885.1,125046240452.18648
5,backfill_cap_fifo,model_20,1.0,0.0,0.7,0.0,130294051458.0,130294051458.0
5,dynamic_b_cap_fifo,model_0,0.0,1.0,0.7,25439985660.619663,0.0,25439985660.619663
5,dynamic_b_cap_fifo,model_1,0.05,0.95,0.7,24308923987.001465,6500119498.35,30809043485.351463
5,dynamic_b_cap_fifo,model_2,0.1,0.9,0.7,22593275535.609283,13032608439.3,35625883974.90929
5,dynamic_b_cap_fifo,model_3,0.15,0.85,0.7,21387067753.603886,19496145678.75,40883213432.35388
5,dynamic_b_cap_fifo,model_4,0.2,0.8,0.7,20364168648.85557,26142988962.0,46507157610.855576
5,dynamic_b_cap_fifo,model_5,0.25,0.75,0.7,19148304846.69707,32499270875.25,51647575721.94707
5,dynamic_b_cap_fifo,model_6,0.3,0.7,0.7,18363388137.12894,38992582566.0,57355970703.12894
5,dynamic_b_cap_fifo,model_7,0.35,0.65,0.7,16420228172.841805,45602827412.1,62023055584.9418
5,dynamic_b_cap_fifo,model_8,0.4,0.6,0.7,15409183716.18629,51876059896.8,67285243612.9863
5,dynamic_b_cap_fifo,model_9,0.45,0.55,0.7,13694688939.590885,58757659294.5,72452348234.09088
5,dynamic_b_cap_fifo,model_10,0.5,0.5,0.7,12476851797.385109,64818413115.0,77295264912.3851
5,dynamic_b_cap_fifo,model_11,0.55,0.44999999999999996,0.7,11328537570.299961,71716041922.8,83044579493.09996
5,dynamic_b_cap_fifo,model_12,0.6,0.4,0.7,10029461609.795624,78387848245.8,88417309855.59563
5,dynamic_b_cap_fifo,model_13,0.65,0.35,0.7,8700287467.987532,84957899847.6,93658187315.58754
5,dynamic_b_cap_fifo,model_14,0.7,0.30000000000000004,0.7,7496215776.701957,91655735997.0,99151951773.70195
5,dynamic_b_cap_fifo,model_15,0.75,0.25,0.7,6177247436.349951,98335047802.5,104512295238.84995
5,dynamic_b_cap_fifo,model_16,0.8,0.19999999999999996,0.7,5040997780.279741,104590023717.6,109631021497.87975
5,dynamic_b_cap_fifo,model_17,0.85,0.15000000000000002,0.7,3899140817.707486,111021013553.7,114920154371.40749
5,dynamic_b_cap_fifo,model_18,0.9,0.09999999999999998,0.7,2473386554.8509207,117811295494.2,120284682049.05092
5,dynamic_b_cap_fifo,model_19,0.95,0.050000000000000044,0.7,1278783854.65695,124136839675.35,125415623530.00696
5,dynamic_b_cap_fifo,model_20,1.0,0.0,0.7,0.0,130285574055.0,130285574055.0
5,efficiency_cap_fifo,model_0,0.0,1.0,0.7,23996923263.03054,0.0,23996923263.03054
5,efficiency_cap_fifo,model_1,0.05,0.95,0.7,23347133072.252605,6451529742.3,29798662814.552605
5,efficiency_cap_fifo,model_2,0.1,0.9,0.7,21439580434.911266,12822310603.2,34261891038.111267
5,efficiency_cap_fifo,model_3,0.15,0.85,0.7,20420834972.91403,19264450489.2,39685285462.11403
5,efficiency_cap_fifo,model_4,0.2,0.8,0.7,19027232717.71192,25914849751.8,44942082469.51192
5,efficiency_cap_fifo,model_5,0.25,0.75,0.7,18299750720.797184,32143786188.0,50443536908.79718
5,efficiency_cap_fifo,model_6,0.3,0.7,0.7,17008987027.81572,38597509701.0,55606496728.81572
5,efficiency_cap_fifo,model_7,0.35,0.65,0.7,15309783099.265532,44927599027.5,60237382126.76553
5,efficiency_cap_fifo,model_8,0.4,0.6,0.7,14410703663.53195,51422214685.2,65832918348.73195
5,efficiency_cap_fifo,model_9,0.45,0.55,0.7,12854980150.380291,57971600190.45,70826580340.83029
5,efficiency_cap_fifo,model_10,0.5,0.5,0.7,12111484472.815094,64269388023.0,76380872495.8151
5,efficiency_cap_fifo,model_11,0.55,0.44999999999999996,0.7,10886002722.958496,70621440941.7,81507443664.6585
5,efficiency_cap_fifo,model_12,0.6,0.4,0.7,9898614831.099844,77823952106.4,87722566937.49983
5,efficiency_cap_fifo,model_13,0.65,0.35,0.7,8395370655.920239,83831945418.0,92227316073.92024
5,efficiency_cap_fifo,model_14,0.7,0.30000000000000004,0.7,7148433926.498898,90318562548.9,97466996475.3989
5,efficiency_cap_fifo,model_15,0.75,0.25,0.7,5960868426.187559,96257555624.25,102218424050.43756
5,efficiency_cap_fifo,model_16,0.8,0.19999999999999996,0.7,4874810222.422028,103099398590.4,107974208812.82202
5,efficiency_cap_fifo,model_17,0.85,0.15000000000000002,0.7,3619467586.7745123,108920442516.3,112539910103.07451
5,efficiency_cap_fifo,model_18,0.9,0.09999999999999998,0.7,2421585919.6590257,116336506581.0,118758092500.65903
5,efficiency_cap_fifo,model_19,0.95,0.050000000000000044,0.7,1234732257.3125167,121731476879.25,122966209136.56252
5,efficiency_cap_fifo,model_20,1.0,0.0,0.7,0.0,128301602901.0,128301602901.0
5,lookahead_cap_fifo,model_0,0.0,1.0,0.7,26334786423.180325,0.0,26334786423.180325
5,lookahead_cap_fifo,model_1,0.05,0.95,0.7,24053407490.55629,6386376693.9,30439784184.45629
5,lookahead_cap_fifo,model_2,0.1,0.9,0.7,23435391279.546303,12822440029.2,36257831308.74631
5,lookahead_cap_fifo,model_3,0.15,0.85,0.7,21891121816.52795,19265469718.95,41156591535.47795
5,lookahead_cap_fifo,model_4,0.2,0.8,0.7,20559597902.679928,25637580432.0,46197178334.67993
5,lookahead_cap_fifo,model_5,0.25,0.75,0.7,19166573883.719955,31984737812.25,51151311695.969955
5,lookahead_cap_fifo,model_6,0.3,0.7,0.7,17730521839.76482,38714614345.8,56445136185.56482
5,lookahead_cap_fifo,model_7,0.35,0.65,0.7,16723868537.030794,44770252603.65,61494121140.68079
5,lookahead_cap_fifo,model_8,0.4,0.6,0.7,15825303225.79218,51206358002.4,67031661228.192184
5,lookahead_cap_fifo,model_9,0.45,0.55,0.7,13970893343.654396,57755639966.85,71726533310.5044
5,lookahead_cap_fifo,model_10,0.5,0.5,0.7,12517312443.175032,63727643143.5,76244955586.67503
5,lookahead_cap_fifo,model_11,0.55,0.44999999999999996,0.7,11737602514.309458,70477684247.85,82215286762.15947
5,lookahead_cap_fifo,model_12,0.6,0.4,0.7,10209087289.084002,76475113162.2,86684200451.284
5,lookahead_cap_fifo,model_13,0.65,0.35,0.7,9057181929.204237,83554242521.1,92611424450.30424
5,lookahead_cap_fifo,model_14,0.7,0.30000000000000004,0.7,7807354923.386992,90328754846.4,98136109769.78699
5,lookahead_cap_fifo,model_15,0.75,0.25,0.7,6414604818.597511,96629477413.5,103044082232.0975
5,lookahead_cap_fifo,model_16,0.8,0.19999999999999996,0.7,5212339395.939966,102654432002.4,107866771398.33997
5,lookahead_cap_fifo,model_17,0.85,0.15000000000000002,0.7,3919811068.0155034,108635126134.95,112554937202.9655
5,lookahead_cap_fifo,model_18,0.9,0.09999999999999998,0.7,2635882496.4900336,115659272093.4,118295154589.89003
5,lookahead_cap_fifo,model_19,0.95,0.050000000000000044,0.7,1307814222.355503,122023432814.4,123331247036.7555
5,lookahead_cap_fifo,model_20,1.0,0.0,0.7,0.0,128216893584.0,128216893584.0
5,weighted_cap_fifo,model_0,0.0,1.0,0.7,25797301085.81018,0.0,25797301085.81018
5,weighted_cap_fifo,model_1,0.05,0.95,0.7,23764145125.88952,6471642542.7,30235787668.58952
5,weighted_cap_fifo,model_2,0.1,0.9,0.7,21968798000.03952,12960666997.2,34929464997.23952
5,weighted_cap_fifo,model_3,0.15,0.85,0.7,21648434962.121323,19573335345.15,41221770307.271324
5,weighted_cap_fifo,model_4,0.2,0.8,0.7,20113436562.511295,25929746684.4,46043183246.9113
5,weighted_cap_fifo,model_5,0.25,0.75,0.7,19156581257.66222,32605934077.5,51762515335.16222
5,weighted_cap_fifo,model_6,0.3,0.7,0.7,18012961311.904594,38827525588.2,56840486900.10459
5,weighted_cap_fifo,model_7,0.35,0.65,0.7,16594828866.4791,45498775379.4,62093604245.879105
5,weighted_cap_fifo,model_8,0.4,0.6,0.7,14880890333.59742,51787014808.8,66667905142.39742
5,weighted_cap_fifo,model_9,0.45,0.55,0.7,13989240159.691307,58398919543.35,72388159703.0413
5,weighted_cap_fifo,model_10,0.5,0.5,0.7,12369159519.92025,64773599362.5,77142758882.42026
5,weighted_cap_fifo,model_11,0.55,0.44999999999999996,0.7,10920962725.361828,71040467323.65,81961430049.01183
5,weighted_cap_fifo,model_12,0.6,0.4,0.7,9997612356.935616,78336634377.6,88334246734.53561
5,weighted_cap_fifo,model_13,0.65,0.35,0.7,8692125556.964537,84276682274.85,92968807831.81454
5,weighted_cap_fifo,model_14,0.7,0.30000000000000004,0.7,7450186288.736891,91028761838.7,98478948127.43689
5,weighted_cap_fifo,model_15,0.75,0.25,0.7,6139236672.317569,97440832829.25,103580069501.56757
5,weighted_cap_fifo,model_16,0.8,0.19999999999999996,0.7,5071234186.66992,104730087019.2,109801321205.86992
5,weighted_cap_fifo,model_17,0.85,0.15000000000000002,0.7,3736104561.570015,110858470675.95,114594575237.52002
5,weighted_cap_fifo,model_18,0.9,0.09999999999999998,0.7,2538461282.4529276,117149269504.5,119687730786.95293
5,weighted_cap_fifo,model_19,0.95,0.050000000000000044,0.7,1260166235.930492,123206810324.55,124466976560.4805
5,weighted_cap_fifo,model_20,1.0,0.0,0.7,0.0,130072991850.0,130072991850.0
5,pcaps,model_0,0.0,1.0,0.7,17766366937.670113,0.0,17766366937.670113
5,pcaps,model_1,0.05,0.95,0.7,16878048590.786816,6377352466.05,23255401056.836815
5,pcaps,model_2,0.1,0.9,0.7,15989730243.902365,12754704932.1,28744435176.002365
5,pcaps,model_3,0.15,0.85,0.7,15101411897.019941,19132057398.15,34233469295.169945
5,pcaps,model_4,0.2,0.8,0.7,14213093550.135632,25509409864.2,39722503414.33563
5,pcaps,model_5,0.25,0.75,0.7,13324775203.252665,31886762330.25,45211537533.50266
5,pcaps,model_6,0.3,0.7,0.7,12436456856.368805,38264114796.3,50700571652.66881
5,pcaps,model_7,0.35,0.65,0.7,11548138509.485485,44641467262.35,56189605771.83548
5,pcaps,model_8,0.4,0.6,0.7,10659820162.602184,51018819728.4,61678639891.00218
5,pcaps,model_9,0.45,0.55,0.7,9771501815.718704,57396172194.45,67167674010.1687
5,pcaps,model_10,0.5,0.5,0.7,8883183468.835056,63773524660.5,72656708129.33505
5,pcaps,model_11,0.55,0.44999999999999996,0.7,7994865121.951182,70150877126.55,78145742248.50119
5,pcaps,model_12,0.6,0.4,0.7,7106546775.067816,76528229592.6,83634776367.66782
5,pcaps,model_13,0.65,0.35,0.7,6218228428.184402,82905582058.65,89123810486.8344
5,pcaps,model_14,0.7,0.30000000000000004,0.7,5329910081.301092,89282934524.7,94612844606.00108
5,pcaps,model_15,0.75,0.25,0.7,4441591734.417528,95660286990.75,100101878725.16753
5,pcaps,model_16,0.8,0.19999999999999996,0.7,3553273387.5339074,102037639456.8,105590912844.33391
5,pcaps,model_17,0.85,0.15000000000000002,0.7,2664955040.650546,108414991922.85,111079946963.50055
5,pcaps,model_18,0.9,0.09999999999999998,0.7,1776636693.7669537,114792344388.9,116568981082.66695
5,pcaps,model_19,0.95,0.050000000000000044,0.7,888318346.883477,121169696854.95,122058015201.83348
5,pcaps,model_20,1.0,0.0,0.7,0.0,127547049321.0,127547049321.0
6,spark_fifo,model_0,0.0,1.0,0.7,33640972760.309883,0.0,33640972760.309883
6,spark_fifo,model_1,0.05,0.95,0.7,31958924122.294422,5103870515.7,37062794637.99442
6,spark_fifo,model_2,0.1,0.9,0.7,30276875484.27901,10207741031.4,40484616515.67901
6,spark_fifo,model_3,0.15,0.85,0.7,28594826846.26294,15311611547.1,43906438393.36294
6,spark_fifo,model_4,0.2,0.8,0.7,26912778208.24826,20415482062.8,47328260271.04826
6,spark_fifo,model_5,0.25,0.75,0.7,25230729570.232357,25519352578.5,50750082148.73236
6,spark_fifo,model_6,0.3,0.7,0.7,23548680932.216938,30623223094.2,54171904026.41694
6,spark_fifo,model_7,0.35,0.65,0.7,21866632294.201187,35727093609.9,57593725904.10119
6,spark_fifo,model_8,0.4,0.6,0.7,20184583656.18613,40830964125.6,61015547781.78613
6,spark_fifo,model_9,0.45,0.55,0.7,18502535018.17068,45934834641.3,64437369659.47069
6,spark_fifo,model_10,0.5,0.5,0.7,16820486380.154942,51038705157.0,67859191537.15494
6,spark_fifo,model_11,0.55,0.44999999999999996,0.7,15138437742.139505,56142575672.7,71281013414.83951
6,spark_fifo,model_12,0.6,0.4,0.7,13456389104.12413,61246446188.4,74702835292.52414
6,spark_fifo,model_13,0.65,0.35,0.7,11774340466.108469,66350316704.1,78124657170.20847
6,spark_fifo,model_14,0.7,0.30000000000000004,0.7,10092291828.093065,71454187219.8,81546479047.89307
6,spark_fifo,model_15,0.75,0.25,0.7,8410243190.077471,76558057735.5,84968300925.57747
6,spark_fifo,model_16,0.8,0.19999999999999996,0.7,6728194552.062065,81661928251.2,88390122803.26205
6,spark_fifo,model_17,0.85,0.15000000000000002,0.7,5046145914.046533,86765798766.9,91811944680.94653
6,spark_fifo,model_18,0.9,0.09999999999999998,0.7,3364097276.0310326,91869669282.6,95233766558.63104
6,spark_fifo,model_19,0.95,0.050000000000000044,0.7,1682048638.0155165,96973539798.3,98655588436.31552
6,spark_fifo,model_20,1.0,0.0,0.7,0.0,102077410314.0,102077410314.0
6,cap_fifo,model_0,0.0,1.0,0.7,22938808875.320065,0.0,22938808875.320065
6,cap_fifo,model_1,0.05,0.95,0.7,21791868431.55364,5274384738.9,27066253170.453636
6,cap_fifo,model_2,0.1,0.9,0.7,20644927987.788292,10548769477.8,31193697465.58829
6,cap_fifo,model_3,0.15,0.85,0.7,19497987544.022186,15823154216.7,35321141760.72218
6,cap_fifo,model_4,0.2,0.8,0.7,18351047100.256096,21097538955.6,39448586055.856094
6,cap_fifo,model_5,0.25,0.75,0.7,17204106656.48999,26371923694.5,43576030350.98999
6,cap_fifo,model_6,0.3,0.7,0.7,16057166212.724308,31646308433.4,47703474646.12431
6,cap_fifo,model_7,0.35,0.65,0.7,14910225768.957737,36920693172.3,51830918941.25774
6,cap_fifo,model_8,0.4,0.6,0.7,13763285325.191977,42195077911.2,55958363236.391975
6,cap_fifo,model_9,0.45,0.55,0.7,12616344881.425755,47469462650.1,60085807531.52576
6,cap_fifo,model_10,0.5,0.5,0.7,11469404437.660032,52743847389.0,64213251826.660034
6,cap_fifo,model_11,0.55,0.44999999999999996,0.7,10322463993.894146,58018232127.9,68340696121.79414
6,cap_fifo,model_12,0.6,0.4,0.7,9175523550.128048,63292616866.8,72468140416.92805
6,cap_fifo,model_13,0.65,0.35,0.7,8028583106.362154,68567001605.7,76595584712.06215
6,cap_fifo,model_14,0.7,0.30000000000000004,0.7,6881642662.595988,73841386344.6,80723029007.196
6,cap_fifo,model_15,0.75,0.25,0.7,5734702218.830016,79115771083.5,84850473302.33002
6,cap_fifo,model_16,0.8,0.19999999999999996,0.7,4587761775.064024,84390155822.4,88977917597.46402
6,cap_fifo,model_17,0.85,0.15000000000000002,0.7,3440821331.297994,89664540561.3,93105361892.59799
6,cap_fifo,model_18,0.9,0.09999999999999998,0.7,2293880887.532012,94938925300.2,97232806187.73201
6,cap_fifo,model_19,0.95,0.050000000000000044,0.7,1146940443.766006,100213310039.1,101360250482.86601
6,cap_fifo,model_20,1.0,0.0,0.7,0.0,105487694778.0,105487694778.0
6,new_cap_fifo,model_0,0.0,1.0,0.7,22306911220.16951,0.0,22306911220.16951
6,new_cap_fifo,model_1,0.05,0.95,0.7,21191565659.161133,5285265211.3,26476830870.461132
6,new_cap_fifo,model_2,0.1,0.9,0.7,20076220098.153297,10570530422.6,30646750520.753296
6,new_cap_fifo,model_3,0.15,0.85,0.7,18960874537.14505,15855795633.9,34816670171.04505
6,new_cap_fifo,model_4,0.2,0.8,0.7,17845528976.135998,21141060845.2,38986589821.336
6,new_cap_fifo,model_5,0.25,0.75,0.7,16730183415.12749,26426326056.5,43156509471.62749
6,new_cap_fifo,model_6,0.3,0.7,0.7,15614837854.119394,31711591267.8,47326429121.919395
6,new_cap_fifo,model_7,0.35,0.65,0.7,14499492293.11069,36996856479.1,51496348772.210686
6,new_cap_fifo,model_8,0.4,0.6,0.7,13384146732.102005,42282121690.4,55666268422.50201
6,new_cap_fifo,model_9,0.45,0.55,0.7,12268801171.09336,47567386901.7,59836188072.79336
6,new_cap_fifo,model_10,0.5,0.5,0.7,11153455610.084755,52852652113.0,64006107723.084755
6,new_cap_fifo,model_11,0.55,0.44999999999999996,0.7,10038110049.076649,58137917324.3,68176027373.37665
6,new_cap_fifo,model_12,0.6,0.4,0.7,8922764488.067999,63423182535.6,72345947023.668
6,new_cap_fifo,model_13,0.65,0.35,0.7,7807418927.059697,68708447746.9,76515866673.9597
6,new_cap_fifo,model_14,0.7,0.30000000000000004,0.7,6692073366.0510025,73993712958.2,80685786324.251
6,new_cap_fifo,model_15,0.75,0.25,0.7,5576727805.042377,79278978169.5,84855705974.54237
6,new_cap_fifo,model_16,0.8,0.19999999999999996,0.7,4461382244.033999,84564243380.8,89025625624.834
6,new_cap_fifo,model_17,0.85,0.15000000000000002,0.7,3346036683.0255013,89849508592.1,93195545275.1255
6,new_cap_fifo,model_18,0.9,0.09999999999999998,0.7,2230691122.0169997,95134773803.4,97365464925.41699
6,new_cap_fifo,model_19,0.95,0.050000000000000044,0.7,1115345561.0084999,100420039014.7,101535384575.7085
6,new_cap_fifo,model_20,1.0,0.0,0.7,0.0,105705304226.0,105705304226.0
6,backfill_cap_fifo,model_0,0.0,1.0,0.7,23044046614.130127,0.0,23044046614.130127
6,backfill_cap_fifo,model_1,0.05,0.95,0.7,21891844283.42333,5238848020.35,27130692303.77333
6,backfill_cap_fifo,model_2,0.1,0.9,0.7,20739641952.71738,10477696040.7,31217337993.41738
6,backfill_cap_fifo,model_3,0.15,0.85,0.7,19587439622.011253,15716544061.05,35303983683.06125
6,backfill_cap_fifo,model_4,0.2,0.8,0.7,18435237291.304783,20955392081.4,39390629372.70479
6,backfill_cap_fifo,model_5,0.25,0.75,0.7,17283034960.597637,26194240101.75,43477275062.34764
6,backfill_cap_fifo,model_6,0.3,0.7,0.7,16130832629.890705,31433088122.1,47563920751.99071
6,backfill_cap_fifo,model_7,0.35,0.65,0.7,14978630299.184172,36671936142.45,51650566441.63417
6,backfill_cap_fifo,model_8,0.4,0.6,0.7,13826427968.478037,41910784162.8,55737212131.27804
6,backfill_cap_fifo,model_9,0.45,0.55,0.7,12674225637.77097,47149632183.15,59823857820.920975
6,backfill_cap_fifo,model_10,0.5,0.5,0.7,11522023307.065063,52388480203.5,63910503510.56506
6,backfill_cap_fifo,model_11,0.55,0.44999999999999996,0.7,10369820976.35869,57627328223.85,67997149200.20869
6,backfill_cap_fifo,model_12,0.6,0.4,0.7,9217618645.652391,62866176244.2,72083794889.85239
6,backfill_cap_fifo,model_13,0.65,0.35,0.7,8065416314.945353,68105024264.55,76170440579.49536
6,backfill_cap_fifo,model_14,0.7,0.30000000000000004,0.7,6913213984.239018,73343872284.9,80257086269.139
6,backfill_cap_fifo,model_15,0.75,0.25,0.7,5761011653.532532,78582720305.25,84343731958.78253
6,backfill_cap_fifo,model_16,0.8,0.19999999999999996,0.7,4608809322.826196,83821568325.6,88430377648.42621
6,backfill_cap_fifo,model_17,0.85,0.15000000000000002,0.7,3456606992.119509,89060416345.95,92517023338.0695
6,backfill_cap_fifo,model_18,0.9,0.09999999999999998,0.7,2304404661.413098,94299264366.3,96603669027.7131
6,backfill_cap_fifo,model_19,0.95,0.050000000000000044,0.7,1152202330.706549,99538112386.65,100690314717.35654
6,backfill_cap_fifo,model_20,1.0,0.0,0.7,0.0,104776960407.0,104776960407.0
6,dynamic_b_cap_fifo,model_0,0.0,1.0,0.7,23663027616.50043,0.0,23663027616.50043
6,dynamic_b_cap_fifo,model_1,0.05,0.95,0.7,22289373506.03962,5298075884.6,27587449390.639618
6,dynamic_b_cap_fifo,model_2,0.1,0.9,0.7,21162708621.936764,10518695291.5,31681403913.436764
6,dynamic_b_cap_fifo,model_3,0.15,0.85,0.7,19567147759.928356,15884031988.65,35451179748.578354
6,dynamic_b_cap_fifo,model_4,0.2,0.8,0.7,18712183151.79212,21152145167.2,39864328318.99213
6,dynamic_b_cap_fifo,model_5,0.25,0.75,0.7,17410673590.74756,26483340241.5,43894013832.24756
6,dynamic_b_cap_fifo,model_6,0.3,0.7,0.7,16501690598.568026,31756501882.8,48258192481.36803
6,dynamic_b_cap_fifo,model_7,0.35,0.65,0.7,14988086551.951431,36968696567.95,51956783119.90143
6,dynamic_b_cap_fifo,model_8,0.4,0.6,0.7,13606193948.057804,42397041902.4,56003235850.45781
6,dynamic_b_cap_fifo,model_9,0.45,0.55,0.7,12951718688.353357,47787372471.6,60739091159.953354
6,dynamic_b_cap_fifo,model_10,0.5,0.5,0.7,11648060655.075111,53358868002.5,65006928657.57511
6,dynamic_b_cap_fifo,model_11,0.55,0.44999999999999996,0.7,10438177539.555292,58182378833.15,68620556372.70529
6,dynamic_b_cap_fifo,model_12,0.6,0.4,0.7,9220824812.072235,63189265119.6,72410089931.67224
6,dynamic_b_cap_fifo,model_13,0.65,0.35,0.7,8327909337.534471,68244524279.1,76572433616.63448
6,dynamic_b_cap_fifo,model_14,0.7,0.30000000000000004,0.7,6964457660.61584,74381575044.0,81346032704.61584
6,dynamic_b_cap_fifo,model_15,0.75,0.25,0.7,5857105878.872488,79991241412.5,85848347291.37248
6,dynamic_b_cap_fifo,model_16,0.8,0.19999999999999996,0.7,4720757230.70008,85159637100.0,89880394330.70007
6,dynamic_b_cap_fifo,model_17,0.85,0.15000000000000002,0.7,3512311039.3184524,90620298966.35,94132610005.66846
6,dynamic_b_cap_fifo,model_18,0.9,0.09999999999999998,0.7,2307520044.3180685,95196005127.0,97503525171.31807
6,dynamic_b_cap_fifo,model_19,0.95,0.050000000000000044,0.7,1155986959.532522,100337250595.9,101493237555.43251
6,dynamic_b_cap_fifo,model_20,1.0,0.0,0.7,0.0,106433875437.0,106433875437.0
6,efficiency_cap_fifo,model_0,0.0,1.0,0.7,22688433176.4002,0.0,22688433176.4002
6,efficiency_cap_fifo,model_1,0.05,0.95,0.7,21165506478.562782,5236761747.1,26402268225.66278
6,efficiency_cap_fifo,model_2,0.1,0.9,0.7,19976525155.90835,10428065033.4,30404590189.30835
6,efficiency_cap_fifo,model_3,0.15,0.85,0.7,19203328986.989735,15723251986.95,34926580973.939735
6,efficiency_cap_fifo,model_4,0.2,0.8,0.7,18316515264.104565,20805639069.0,39122154333.10457
6,efficiency_cap_fifo,model_5,0.25,0.75,0.7,17028564173.97006,26064508942.25,43093073116.22006
6,efficiency_cap_fifo,model_6,0.3,0.7,0.7,15874663286.467598,31269403263.6,47144066550.0676
6,efficiency_cap_fifo,model_7,0.35,0.65,0.7,15091559559.42018,36863905132.95,51955464692.37018
6,efficiency_cap_fifo,model_8,0.4,0.6,0.7,13630492154.789917,42124163731.6,55754655886.389915
6,efficiency_cap_fifo,model_9,0.45,0.55,0.7,12529804576.244818,46606770125.1,59136574701.34482
6,efficiency_cap_fifo,model_10,0.5,0.5,0.7,11736760438.845104,52141439969.5,63878200408.34511
6,efficiency_cap_fifo,model_11,0.55,0.44999999999999996,0.7,10147966022.223331,57431788680.2,67579754702.423325
6,efficiency_cap_fifo,model_12,0.6,0.4,0.7,8891445016.512127,62960087206.8,71851532223.31213
6,efficiency_cap_fifo,model_13,0.65,0.35,0.7,7752770700.163882,68095169410.45,75847940110.61388
6,efficiency_cap_fifo,model_14,0.7,0.30000000000000004,0.7,6791753892.266994,72404633910.0,79196387802.267
6,efficiency_cap_fifo,model_15,0.75,0.25,0.7,5822707834.33505,78508187795.25,84330895629.58505
6,efficiency_cap_fifo,model_16,0.8,0.19999999999999996,0.7,4556301038.188111,84084891046.4,88641192084.5881
6,efficiency_cap_fifo,model_17,0.85,0.15000000000000002,0.7,3291164092.15494,88848645277.9,92139809370.05493
6,efficiency_cap_fifo,model_18,0.9,0.09999999999999998,0.7,2242030412.3860364,94436977511.7,96679007924.08603
6,efficiency_cap_fifo,model_19,0.95,0.050000000000000044,0.7,1111271562.0445244,99291381112.2,100402652674.24452
6,efficiency_cap_fifo,model_20,1.0,0.0,0.7,0.0,105076810428.0,105076810428.0
6,lookahead_cap_fifo,model_0,0.0,1.0,0.7,23649817509.129917,0.0,23649817509.129917
6,lookahead_cap_fifo,model_1,0.05,0.95,0.7,22112295957.324795,5192207868.9,27304503826.224792
6,lookahead_cap_fifo,model_2,0.1,0.9,0.7,21576600296.667343,10452259432.8,32028859729.467342
6,lookahead_cap_fifo,model_3,0.15,0.85,0.7,20397632543.45817,15918842493.0,36316475036.458176
6,lookahead_cap_fifo,model_4,0.2,0.8,0.7,18857264993.856125,20728036074.4,39585301068.25613
6,lookahead_cap_fifo,model_5,0.25,0.75,0.7,17789004371.902462,26377067711.75,44166072083.652466
6,lookahead_cap_fifo,model_6,0.3,0.7,0.7,16704422262.485626,30939540021.0,47643962283.48563
6,lookahead_cap_fifo,model_7,0.35,0.65,0.7,15378734671.449146,36370404362.25,51749139033.69914
6,lookahead_cap_fifo,model_8,0.4,0.6,0.7,14521043570.370077,42380657490.8,56901701061.17008
6,lookahead_cap_fifo,model_9,0.45,0.55,0.7,12920331878.822107,46513460322.9,59433792201.72211
6,lookahead_cap_fifo,model_10,0.5,0.5,0.7,11644054721.345251,51579725868.0,63223780589.34525
6,lookahead_cap_fifo,model_11,0.55,0.44999999999999996,0.7,10525473499.774712,57389324260.4,67914797760.17471
6,lookahead_cap_fifo,model_12,0.6,0.4,0.7,9765769458.25617,62474173463.4,72239942921.65617
6,lookahead_cap_fifo,model_13,0.65,0.35,0.7,8081004057.185425,67210186379.7,75291190436.88542
6,lookahead_cap_fifo,model_14,0.7,0.30000000000000004,0.7,7060999406.07295,72645470814.7,79706470220.77295
6,lookahead_cap_fifo,model_15,0.75,0.25,0.7,5975496744.192517,77973655922.25,83949152666.44252
6,lookahead_cap_fifo,model_16,0.8,0.19999999999999996,0.7,4730641073.868066,82916119364.8,87646760438.66808
6,lookahead_cap_fifo,model_17,0.85,0.15000000000000002,0.7,3630899631.6194673,88922610831.2,92553510462.81946
6,lookahead_cap_fifo,model_18,0.9,0.09999999999999998,0.7,2295328862.105055,93151120014.0,95446448876.10506
6,lookahead_cap_fifo,model_19,0.95,0.050000000000000044,0.7,1191398664.373521,99805601283.65,100996999948.02351
6,lookahead_cap_fifo,model_20,1.0,0.0,0.7,0.0,104123558736.0,104123558736.0
6,weighted_cap_fifo,model_0,0.0,1.0,0.7,22715241487.840008,0.0,22715241487.840008
6,weighted_cap_fifo,model_1,0.05,0.95,0.7,22421468349.67814,5281713769.05,27703182118.728138
6,weighted_cap_fifo,model_2,0.1,0.9,0.7,20928881355.048214,10562019701.8,31490901056.848213
6,weighted_cap_fifo,model_3,0.15,0.85,0.7,19730121305.14713,15874973422.05,35605094727.19713
6,weighted_cap_fifo,model_4,0.2,0.8,0.7,18876120082.18432,21020050626.4,39896170708.58432
6,weighted_cap_fifo,model_5,0.25,0.75,0.7,17470141219.05767,26539478510.25,44009619729.30767
6,weighted_cap_fifo,model_6,0.3,0.7,0.7,16522884317.400673,31635835660.2,48158719977.60068
6,weighted_cap_fifo,model_7,0.35,0.65,0.7,15069084729.296013,37036699520.45,52105784249.74601
6,weighted_cap_fifo,model_8,0.4,0.6,0.7,13819307880.923779,42244740770.0,56064048650.92378
6,weighted_cap_fifo,model_9,0.45,0.55,0.7,12435058054.374708,47488611771.9,59923669826.27471
6,weighted_cap_fifo,model_10,0.5,0.5,0.7,11823031722.969843,52422561308.5,64245593031.46984
6,weighted_cap_fifo,model_11,0.55,0.44999999999999996,0.7,10323261470.547377,57762044143.1,68085305613.64738
6,weighted_cap_fifo,model_12,0.6,0.4,0.7,9303169028.040268,63024758492.4,72327927520.44028
6,weighted_cap_fifo,model_13,0.65,0.35,0.7,8149122652.894679,68548492699.05,76697615351.94469
6,weighted_cap_fifo,model_14,0.7,0.30000000000000004,0.7,6817794068.321788,73673720048.6,80491514116.9218
6,weighted_cap_fifo,model_15,0.75,0.25,0.7,5783785867.522406,78930108690.0,84713894557.5224
6,weighted_cap_fifo,model_16,0.8,0.19999999999999996,0.7,4622378338.660111,84620811644.8,89243189983.46011
6,weighted_cap_fifo,model_17,0.85,0.15000000000000002,0.7,3519786022.320015,89394290139.25,92914076161.57
6,weighted_cap_fifo,model_18,0.9,0.09999999999999998,0.7,2293951288.689051,95187003893.1,97480955181.78906
6,weighted_cap_fifo,model_19,0.95,0.050000000000000044,0.7,1140423451.84305,100113939729.4,101254363181.24304
6,weighted_cap_fifo,model_20,1.0,0.0,0.7,0.0,105492153988.0,105492153988.0
6,pcaps,model_0,0.0,1.0,0.7,16806291365.960024,0.0,16806291365.960024
6,pcaps,model_1,0.05,0.95,0.7,15965976797.661884,5120963389.8,21086940187.461884
6,pcaps,model_2,0.1,0.9,0.7,15125662229.363733,10241926779.6,25367589008.963734
6,pcaps,model_3,0.15,0.85,0.7,14285347661.066353,15362890169.4,29648237830.466354
6,pcaps,model_4,0.2,0.8,0.7,13445033092.768358,20483853559.2,33928886651.96836
6,pcaps,model_5,0.25,0.75,0.7,12604718524.469885,25604816949.0,38209535473.46989
6,pcaps,model_6,0.3,0.7,0.7,11764403956.172468,30725780338.8,42490184294.972466
6,pcaps,model_7,0.35,0.65,0.7,10924089387.87432,35846743728.6,46770833116.47432
6,pcaps,model_8,0.4,0.6,0.7,10083774819.57557,40967707118.4,51051481937.97557
6,pcaps,model_9,0.45,0.55,0.7,9243460251.277918,46088670508.2,55332130759.47791
6,pcaps,model_10,0.5,0.5,0.7,8403145682.980012,51209633898.0,59612779580.98001
6,pcaps,model_11,0.55,0.44999999999999996,0.7,7562831114.681867,56330597287.8,63893428402.48187
6,pcaps,model_12,0.6,0.4,0.7,6722516546.384179,61451560677.6,68174077223.98418
6,pcaps,model_13,0.65,0.35,0.7,5882201978.086234,66572524067.4,72454726045.48624
6,pcaps,model_14,0.7,0.30000000000000004,0.7,5041887409.787785,71693487457.2,76735374866.98778
6,pcaps,model_15,0.75,0.25,0.7,4201572841.490006,76814450847.0,81016023688.49
6,pcaps,model_16,0.8,0.19999999999999996,0.7,3361258273.1920896,81935414236.8,85296672509.9921
6,pcaps,model_17,0.85,0.15000000000000002,0.7,2520943704.8938923,87056377626.6,89577321331.4939
6,pcaps,model_18,0.9,0.09999999999999998,0.7,1680629136.5960448,92177341016.4,93857970152.99603
6,pcaps,model_19,0.95,0.050000000000000044,0.7,840314568.2980225,97298304406.2,98138618974.49802
6,pcaps,model_20,1.0,0.0,0.7,0.0,102419267796.0,102419267796.0
7,spark_fifo,model_0,0.0,1.0,0.7,32492013700.930397,0.0,32492013700.930397
7,spark_fifo,model_1,0.05,0.95,0.7,30867413015.88329,4752187271.8,35619600287.68329
7,spark_fifo,model_2,0.1,0.9,0.7,29242812330.83659,9504374543.6,38747186874.43659
7,spark_fifo,model_3,0.15,0.85,0.7,27618211645.790394,14256561815.4,41874773461.19039
7,spark_fifo,model_4,0.2,0.8,0.7,25993610960.744373,19008749087.2,45002360047.944374
7,spark_fifo,model_5,0.25,0.75,0.7,24369010275.69755,23760936359.0,48129946634.697556
7,spark_fifo,model_6,0.3,0.7,0.7,22744409590.65051,28513123630.8,51257533221.45051
7,spark_fifo,model_7,0.35,0.65,0.7,21119808905.604206,33265310902.6,54385119808.20421
7,spark_fifo,model_8,0.4,0.6,0.7,19495208220.55814,38017498174.4,57512706394.958145
7,spark_fifo,model_9,0.45,0.55,0.7,17870607535.51143,42769685446.2,60640292981.711426
7,spark_fifo,model_10,0.5,0.5,0.7,16246006850.465199,47521872718.0,63767879568.465195
7,spark_fifo,model_11,0.55,0.44999999999999996,0.7,14621406165.418295,52274059989.8,66895466155.2183
7,spark_fifo,model_12,0.6,0.4,0.7,12996805480.372187,57026247261.6,70023052741.97218
7,spark_fifo,model_13,0.65,0.35,0.7,11372204795.325254,61778434533.4,73150639328.72525
7,spark_fifo,model_14,0.7,0.30000000000000004,0.7,9747604110.27907,66530621805.2,76278225915.47906
7,spark_fifo,model_15,0.75,0.25,0.7,8123003425.232599,71282809077.0,79405812502.2326
7,spark_fifo,model_16,0.8,0.19999999999999996,0.7,6498402740.186093,76034996348.8,82533399088.9861
7,spark_fifo,model_17,0.85,0.15000000000000002,0.7,4873802055.139535,80787183620.6,85660985675.73955
7,spark_fifo,model_18,0.9,0.09999999999999998,0.7,3249201370.0930467,85539370892.4,88788572262.49304
7,spark_fifo,model_19,0.95,0.050000000000000044,0.7,1624600685.0465233,90291558164.2,91916158849.24652
7,spark_fifo,model_20,1.0,0.0,0.7,0.0,95043745436.0,95043745436.0
7,cap_fifo,model_0,0.0,1.0,0.7,21190945518.129955,0.0,21190945518.129955
7,cap_fifo,model_1,0.05,0.95,0.7,20131398242.222855,5366117058.9,25497515301.122856
7,cap_fifo,model_2,0.1,0.9,0.7,19071850966.31723,10732234117.8,29804085084.11723
7,cap_fifo,model_3,0.15,0.85,0.7,18012303690.410862,16098351176.7,34110654867.110863
7,cap_fifo,model_4,0.2,0.8,0.7,16952756414.50407,21464468235.6,38417224650.104065
7,cap_fifo,model_5,0.25,0.75,0.7,15893209138.597239,26830585294.5,42723794433.09724
7,cap_fifo,model_6,0.3,0.7,0.7,14833661862.691292,32196702353.4,47030364216.09129
7,cap_fifo,model_7,0.35,0.65,0.7,13774114586.784502,37562819412.3,51336933999.0845
7,cap_fifo,model_8,0.4,0.6,0.7,12714567310.877863,42928936471.2,55643503782.07786
7,cap_fifo,model_9,0.45,0.55,0.7,11655020034.97167,48295053530.1,59950073565.07167
7,cap_fifo,model_10,0.5,0.5,0.7,10595472759.064978,53661170589.0,64256643348.06498
7,cap_fifo,model_11,0.55,0.44999999999999996,0.7,9535925483.158615,59027287647.9,68563213131.05862
7,cap_fifo,model_12,0.6,0.4,0.7,8476378207.252035,64393404706.8,72869782914.05203
7,cap_fifo,model_13,0.65,0.35,0.7,7416830931.345646,69759521765.7,77176352697.04564
7,cap_fifo,model_14,0.7,0.30000000000000004,0.7,6357283655.438931,75125638824.6,81482922480.03894
7,cap_fifo,model_15,0.75,0.25,0.7,5297736379.532489,80491755883.5,85789492263.03249
7,cap_fifo,model_16,0.8,0.19999999999999996,0.7,4238189103.6260176,85857872942.4,90096062046.02602
7,cap_fifo,model_17,0.85,0.15000000000000002,0.7,3178641827.7194657,91223990001.3,94402631829.01947
7,cap_fifo,model_18,0.9,0.09999999999999998,0.7,2119094551.8130088,96590107060.2,98709201612.013
7,cap_fifo,model_19,0.95,0.050000000000000044,0.7,1059547275.9065044,101956224119.1,103015771395.00652
7,cap_fifo,model_20,1.0,0.0,0.7,0.0,107322341178.0,107322341178.0
7,new_cap_fifo,model_0,0.0,1.0,0.7,20244063881.24001,0.0,20244063881.24001
7,new_cap_fifo,model_1,0.05,0.95,0.7,19231860687.177986,5061645061.8,24293505748.977985
7,new_cap_fifo,model_2,0.1,0.9,0.7,18219657493.116673,10123290123.6,28342947616.716675
7,new_cap_fifo,model_3,0.15,0.85,0.7,17207454299.053894,15184935185.4,32392389484.453896
7,new_cap_fifo,model_4,0.2,0.8,0.7,16195251104.991964,20246580247.2,36441831352.19196
7,new_cap_fifo,model_5,0.25,0.75,0.7,15183047910.929996,25308225309.0,40491273219.92999
7,new_cap_fifo,model_6,0.3,0.7,0.7,14170844716.868181,30369870370.8,44540715087.66818
7,new_cap_fifo,model_7,0.35,0.65,0.7,13158641522.805891,35431515432.6,48590156955.40589
7,new_cap_fifo,model_8,0.4,0.6,0.7,12146438328.743803,40493160494.4,52639598823.14381
7,new_cap_fifo,model_9,0.45,0.55,0.7,11134235134.682308,45554805556.2,56689040690.88231
7,new_cap_fifo,model_10,0.5,0.5,0.7,10122031940.620005,50616450618.0,60738482558.62
7,new_cap_fifo,model_11,0.55,0.44999999999999996,0.7,9109828746.558336,55678095679.8,64787924426.35834
7,new_cap_fifo,model_12,0.6,0.4,0.7,8097625552.495982,60739740741.6,68837366294.09598
7,new_cap_fifo,model_13,0.65,0.35,0.7,7085422358.434091,65801385803.4,72886808161.83409
7,new_cap_fifo,model_14,0.7,0.30000000000000004,0.7,6073219164.3719015,70863030865.2,76936250029.5719
7,new_cap_fifo,model_15,0.75,0.25,0.7,5061015970.310002,75924675927.0,80985691897.31
7,new_cap_fifo,model_16,0.8,0.19999999999999996,0.7,4048812776.247991,80986320988.8,85035133765.04799
7,new_cap_fifo,model_17,0.85,0.15000000000000002,0.7,3036609582.1859508,86047966050.6,89084575632.78595
7,new_cap_fifo,model_18,0.9,0.09999999999999998,0.7,2024406388.1239955,91109611112.4,93134017500.52399
7,new_cap_fifo,model_19,0.95,0.050000000000000044,0.7,1012203194.0619978,96171256174.2,97183459368.262
7,new_cap_fifo,model_20,1.0,0.0,0.7,0.0,101232901236.0,101232901236.0
7,backfill_cap_fifo,model_0,0.0,1.0,0.7,21008575370.84032,0.0,21008575370.84032
7,backfill_cap_fifo,model_1,0.05,0.95,0.7,19958146602.297657,5155754625.3,25113901227.597656
7,backfill_cap_fifo,model_2,0.1,0.9,0.7,18907717833.756733,10311509250.6,29219227084.356735
7,backfill_cap_fifo,model_3,0.15,0.85,0.7,17857289065.214317,15467263875.9,33324552941.11432
7,backfill_cap_fifo,model_4,0.2,0.8,0.7,16806860296.671955,20623018501.2,37429878797.871956
7,backfill_cap_fifo,model_5,0.25,0.75,0.7,15756431528.1299,25778773126.5,41535204654.6299
7,backfill_cap_fifo,model_6,0.3,0.7,0.7,14706002759.588066,30934527751.8,45640530511.38806
7,backfill_cap_fifo,model_7,0.35,0.65,0.7,13655573991.046352,36090282377.1,49745856368.14635
7,backfill_cap_fifo,model_8,0.4,0.6,0.7,12605145222.504017,41246037002.4,53851182224.90402
7,backfill_cap_fifo,model_9,0.45,0.55,0.7,11554716453.961903,46401791627.7,57956508081.661896
7,backfill_cap_fifo,model_10,0.5,0.5,0.7,10504287685.42016,51557546253.0,62061833938.42016
7,backfill_cap_fifo,model_11,0.55,0.44999999999999996,0.7,9453858916.878366,56713300878.3,66167159795.17837
7,backfill_cap_fifo,model_12,0.6,0.4,0.7,8403430148.335978,61869055503.6,70272485651.93597
7,backfill_cap_fifo,model_13,0.65,0.35,0.7,7353001379.794033,67024810128.9,74377811508.69403
7,backfill_cap_fifo,model_14,0.7,0.30000000000000004,0.7,6302572611.252008,72180564754.2,78483137365.45201
7,backfill_cap_fifo,model_15,0.75,0.25,0.7,5252143842.71008,77336319379.5,82588463222.21008
7,backfill_cap_fifo,model_16,0.8,0.19999999999999996,0.7,4201715074.167989,82492074004.8,86693789078.96799
7,backfill_cap_fifo,model_17,0.85,0.15000000000000002,0.7,3151286305.626004,87647828630.1,90799114935.72601
7,backfill_cap_fifo,model_18,0.9,0.09999999999999998,0.7,2100857537.0839944,92803583255.4,94904440792.484
7,backfill_cap_fifo,model_19,0.95,0.050000000000000044,0.7,1050428768.5419974,97959337880.7,99009766649.24199
7,backfill_cap_fifo,model_20,1.0,0.0,0.7,0.0,103115092506.0,103115092506.0
7,dynamic_b_cap_fifo,model_0,0.0,1.0,0.7,21473201890.369938,0.0,21473201890.369938
7,dynamic_b_cap_fifo,model_1,0.05,0.95,0.7,20103533439.70682,5112395906.4,25215929346.10682
7,dynamic_b_cap_fifo,model_2,0.1,0.9,0.7,18771387836.93146,10097665383.0,28869053219.93146
7,dynamic_b_cap_fifo,model_3,0.15,0.85,0.7,17735514822.770313,15403969406.7,33139484229.470314
7,dynamic_b_cap_fifo,model_4,0.2,0.8,0.7,16927458734.664404,20808887922.0,37736346656.664406
7,dynamic_b_cap_fifo,model_5,0.25,0.75,0.7,15757670842.567322,25589776903.5,41347447746.06732
7,dynamic_b_cap_fifo,model_6,0.3,0.7,0.7,14612663097.123325,30611566654.2,45224229751.323326
7,dynamic_b_cap_fifo,model_7,0.35,0.65,0.7,13827390402.605486,36406301002.75,50233691405.355484
7,dynamic_b_cap_fifo,model_8,0.4,0.6,0.7,12534738524.082241,41793672567.6,54328411091.682236
7,dynamic_b_cap_fifo,model_9,0.45,0.55,0.7,11639527843.872284,46344616789.5,57984144633.372284
7,dynamic_b_cap_fifo,model_10,0.5,0.5,0.7,10661018701.095097,51864809692.0,62525828393.09509
7,dynamic_b_cap_fifo,model_11,0.55,0.44999999999999996,0.7,9607375062.95441,56925541985.4,66532917048.354416
7,dynamic_b_cap_fifo,model_12,0.6,0.4,0.7,8386569599.964073,62678316097.2,71064885697.16406
7,dynamic_b_cap_fifo,model_13,0.65,0.35,0.7,7470325905.696579,66814430814.3,74284756719.99658
7,dynamic_b_cap_fifo,model_14,0.7,0.30000000000000004,0.7,6341461641.915122,72207037824.6,78548499466.51512
7,dynamic_b_cap_fifo,model_15,0.75,0.25,0.7,5404703572.032538,77762814918.0,83167518490.03253
7,dynamic_b_cap_fifo,model_16,0.8,0.19999999999999996,0.7,4086686517.0279913,82815086908.8,86901773425.82799
7,dynamic_b_cap_fifo,model_17,0.85,0.15000000000000002,0.7,3188037987.6885295,89520995406.25,92709033393.93852
7,dynamic_b_cap_fifo,model_18,0.9,0.09999999999999998,0.7,2147671971.757015,93591148188.6,95738820160.35703
7,dynamic_b_cap_fifo,model_19,0.95,0.050000000000000044,0.7,1049235169.2620023,96970402273.2,98019637442.462
7,dynamic_b_cap_fifo,model_20,1.0,0.0,0.7,0.0,103285600320.0,103285600320.0
7,efficiency_cap_fifo,model_0,0.0,1.0,0.7,19823996625.8899,0.0,19823996625.8899
7,efficiency_cap_fifo,model_1,0.05,0.95,0.7,19101096113.966217,4943521421.55,24044617535.516216
7,efficiency_cap_fifo,model_2,0.1,0.9,0.7,18258652988.451363,10084059727.2,28342712715.651363
7,efficiency_cap_fifo,model_3,0.15,0.85,0.7,16955235935.767477,14809414879.8,31764650815.567474
7,efficiency_cap_fifo,model_4,0.2,0.8,0.7,16016251538.959658,19958614372.8,35974865911.75966
7,efficiency_cap_fifo,model_5,0.25,0.75,0.7,14624976560.354963,24886969336.5,39511945896.854965
7,efficiency_cap_fifo,model_6,0.3,0.7,0.7,14592336352.894865,30152827458.0,44745163810.89487
7,efficiency_cap_fifo,model_7,0.35,0.65,0.7,13302444016.393827,35151825630.6,48454269646.99383
7,efficiency_cap_fifo,model_8,0.4,0.6,0.7,12129757388.622103,39794452075.2,51924209463.8221
7,efficiency_cap_fifo,model_9,0.45,0.55,0.7,10996058381.797504,44792680692.15,55788739073.94751
7,efficiency_cap_fifo,model_10,0.5,0.5,0.7,10114978414.824959,50793660885.0,60908639299.82496
7,efficiency_cap_fifo,model_11,0.55,0.44999999999999996,0.7,8863094465.990877,55853508912.3,64716603378.29088
7,efficiency_cap_fifo,model_12,0.6,0.4,0.7,7880792386.123976,61195274416.8,69076066802.92398
7,efficiency_cap_fifo,model_13,0.65,0.35,0.7,7232448751.709736,64275705876.2,71508154627.90973
7,efficiency_cap_fifo,model_14,0.7,0.30000000000000004,0.7,5895072846.690076,69871514651.4,75766587498.09007
7,efficiency_cap_fifo,model_15,0.75,0.25,0.7,5003926668.060063,74368297273.5,79372223941.56006
7,efficiency_cap_fifo,model_16,0.8,0.19999999999999996,0.7,4066025149.8820257,79077884146.4,83143909296.28201
7,efficiency_cap_fifo,model_17,0.85,0.15000000000000002,0.7,2977933705.831544,86552226882.9,89530160588.73154
7,efficiency_cap_fifo,model_18,0.9,0.09999999999999998,0.7,1987476724.0439599,89927648096.4,91915124820.44395
7,efficiency_cap_fifo,model_19,0.95,0.050000000000000044,0.7,999296026.8345221,93546552382.05,94545848408.88452
7,efficiency_cap_fifo,model_20,1.0,0.0,0.7,0.0,100203378552.0,100203378552.0
7,lookahead_cap_fifo,model_0,0.0,1.0,0.7,21623774620.02991,0.0,21623774620.02991
7,lookahead_cap_fifo,model_1,0.05,0.95,0.7,21250839978.227303,4996291288.2,26247131266.427303
7,lookahead_cap_fifo,model_2,0.1,0.9,0.7,19417657073.715504,9848264054.7,29265921128.415504
7,lookahead_cap_fifo,model_3,0.15,0.85,0.7,18149088066.008007,14755779410.55,32904867476.558006
7,lookahead_cap_fifo,model_4,0.2,0.8,0.7,16747402571.095993,19664251781.8,36411654352.895996
7,lookahead_cap_fifo,model_5,0.25,0.75,0.7,15869959586.264841,24443530351.5,40313489937.76484
7,lookahead_cap_fifo,model_6,0.3,0.7,0.7,15241934935.443764,29914606512.3,45156541447.74376
7,lookahead_cap_fifo,model_7,0.35,0.65,0.7,14010897330.156761,34705847774.5,48716745104.65676
7,lookahead_cap_fifo,model_8,0.4,0.6,0.7,13052182322.40014,39853052881.2,52905235203.600136
7,lookahead_cap_fifo,model_9,0.45,0.55,0.7,11965558684.398193,45015811770.6,56981370454.99819
7,lookahead_cap_fifo,model_10,0.5,0.5,0.7,11117625991.900017,50463168432.0,61580794423.90002
7,lookahead_cap_fifo,model_11,0.55,0.44999999999999996,0.7,9612317161.818167,54957352091.4,64569669253.21817
7,lookahead_cap_fifo,model_12,0.6,0.4,0.7,8397379476.551957,59339168700.6,67736548177.151955
7,lookahead_cap_fifo,model_13,0.65,0.35,0.7,7283794158.014357,64376385862.75,71660180020.76436
7,lookahead_cap_fifo,model_14,0.7,0.30000000000000004,0.7,6352243327.031964,69649100917.2,76001344244.23196
7,lookahead_cap_fifo,model_15,0.75,0.25,0.7,5340072161.22002,74620447889.25,79960520050.47002
7,lookahead_cap_fifo,model_16,0.8,0.19999999999999996,0.7,4258063456.4840174,80000237971.2,84258301427.68402
7,lookahead_cap_fifo,model_17,0.85,0.15000000000000002,0.7,3226418275.23754,83731472508.6,86957890783.83754
7,lookahead_cap_fifo,model_18,0.9,0.09999999999999998,0.7,2178296178.085996,89703349584.3,91881645762.386
7,lookahead_cap_fifo,model_19,0.95,0.050000000000000044,0.7,1115933339.7905211,96007858788.6,97123792128.39053
7,lookahead_cap_fifo,model_20,1.0,0.0,0.7,0.0,99707423612.0,99707423612.0
7,weighted_cap_fifo,model_0,0.0,1.0,0.7,22004508349.34033,0.0,22004508349.34033
7,weighted_cap_fifo,model_1,0.05,0.95,0.7,20305297428.122112,5134785984.9,25440083413.02211
7,weighted_cap_fifo,model_2,0.1,0.9,0.7,19263126209.877697,10298117296.2,29561243506.077698
7,weighted_cap_fifo,model_3,0.15,0.85,0.7,18218413731.125107,15247520554.5,33465934285.625107
7,weighted_cap_fifo,model_4,0.2,0.8,0.7,16993013631.76792,20468233929.6,37461247561.36792
7,weighted_cap_fifo,model_5,0.25,0.75,0.7,15725770550.324902,25879698469.5,41605469019.824905
7,weighted_cap_fifo,model_6,0.3,0.7,0.7,14599073313.251059,30599210827.8,45198284141.051056
7,weighted_cap_fifo,model_7,0.35,0.65,0.7,13577296226.02625,35773217495.4,49350513721.426254
7,weighted_cap_fifo,model_8,0.4,0.6,0.7,12545334664.572144,41141491687.2,53686826351.77214
7,weighted_cap_fifo,model_9,0.45,0.55,0.7,11700842375.271381,46572092216.1,58272934591.37138
7,weighted_cap_fifo,model_10,0.5,0.5,0.7,10451670702.714928,51938991835.5,62390662538.21493
7,weighted_cap_fifo,model_11,0.55,0.44999999999999996,0.7,9485982959.594002,56663544069.0,66149527028.594
7,weighted_cap_fifo,model_12,0.6,0.4,0.7,8271497243.915913,61360601590.8,69632098834.71591
7,weighted_cap_fifo,model_13,0.65,0.35,0.7,7283950629.179017,66251483044.5,73535433673.67902
7,weighted_cap_fifo,model_14,0.7,0.30000000000000004,0.7,6221330949.126058,70565979443.4,76787310392.52605
7,weighted_cap_fifo,model_15,0.75,0.25,0.7,5133789940.082511,76649172241.5,81782962181.5825
7,weighted_cap_fifo,model_16,0.8,0.19999999999999996,0.7,4215920377.2280126,82090263566.4,86306183943.628
7,weighted_cap_fifo,model_17,0.85,0.15000000000000002,0.7,3049181212.8090515,87416862747.3,90466043960.10905
7,weighted_cap_fifo,model_18,0.9,0.09999999999999998,0.7,2096054064.1140199,92515727469.6,94611781533.71402
7,weighted_cap_fifo,model_19,0.95,0.050000000000000044,0.7,1042438808.1690087,98428941231.85,99471380040.01901
7,weighted_cap_fifo,model_20,1.0,0.0,0.7,0.0,102139707510.0,102139707510.0
7,pcaps,model_0,0.0,1.0,0.7,15778296809.399952,0.0,15778296809.399952
7,pcaps,model_1,0.05,0.95,0.7,14989381968.930485,4685888262.8,19675270231.730484
7,pcaps,model_2,0.1,0.9,0.7,14200467128.45968,9371776525.6,23572243654.05968
7,pcaps,model_3,0.15,0.85,0.7,13411552287.989567,14057664788.4,27469217076.389565
7,pcaps,model_4,0.2,0.8,0.7,12622637447.519728,18743553051.2,31366190498.719727
7,pcaps,model_5,0.25,0.75,0.7,11833722607.050009,23429441314.0,35263163921.05001
7,pcaps,model_6,0.3,0.7,0.7,11044807766.579556,28115329576.8,39160137343.379555
7,pcaps,model_7,0.35,0.65,0.7,10255892926.110003,32801217839.6,43057110765.71
7,pcaps,model_8,0.4,0.6,0.7,9466978085.640192,37487106102.4,46954084188.04019
7,pcaps,model_9,0.45,0.55,0.7,8678063245.170084,42172994365.2,50851057610.37008
7,pcaps,model_10,0.5,0.5,0.7,7889148404.699976,46858882628.0,54748031032.699974
7,pcaps,model_11,0.55,0.44999999999999996,0.7,7100233564.22984,51544770890.8,58645004455.02985
7,pcaps,model_12,0.6,0.4,0.7,6311318723.759864,56230659153.6,62541977877.35986
7,pcaps,model_13,0.65,0.35,0.7,5522403883.289778,60916547416.4,66438951299.68978
7,pcaps,model_14,0.7,0.30000000000000004,0.7,4733489042.820096,65602435679.2,70335924722.0201
7,pcaps,model_15,0.75,0.25,0.7,3944574202.349988,70288323942.0,74232898144.34999
7,pcaps,model_16,0.8,0.19999999999999996,0.7,3155659361.879932,74974212204.8,78129871566.67993
7,pcaps,model_17,0.85,0.15000000000000002,0.7,2366744521.410048,79660100467.6,82026844989.01006
7,pcaps,model_18,0.9,0.09999999999999998,0.7,1577829680.939966,84345988730.4,85923818411.33997
7,pcaps,model_19,0.95,0.050000000000000044,0.7,788914840.4699831,89031876993.2,89820791833.66998
7,pcaps,model_20,1.0,0.0,0.7,0.0,93717765256.0,93717765256.0
8,spark_fifo,model_0,0.0,1.0,0.7,34580360044.02961,0.0,34580360044.02961
8,spark_fifo,model_1,0.05,0.95,0.7,32851342041.827938,5084880232.2,37936222274.02794
8,spark_fifo,model_2,0.1,0.9,0.7,31122324039.62732,10169760464.4,41292084504.02732
8,spark_fifo,model_3,0.15,0.85,0.7,29393306037.425694,15254640696.6,44647946734.025696
8,spark_fifo,model_4,0.2,0.8,0.7,27664288035.224014,20339520928.8,48003808964.02402
8,spark_fifo,model_5,0.25,0.75,0.7,25935270033.022102,25424401161.0,51359671194.0221
8,spark_fifo,model_6,0.3,0.7,0.7,24206252030.821198,30509281393.2,54715533424.021194
8,spark_fifo,model_7,0.35,0.65,0.7,22477234028.619392,35594161625.4,58071395654.019394
8,spark_fifo,model_8,0.4,0.6,0.7,20748216026.418163,40679041857.6,61427257884.01816
8,spark_fifo,model_9,0.45,0.55,0.7,19019198024.21668,45763922089.8,64783120114.01668
8,spark_fifo,model_10,0.5,0.5,0.7,17290180022.014805,50848802322.0,68138982344.0148
8,spark_fifo,model_11,0.55,0.44999999999999996,0.7,15561162019.81366,55933682554.2,71494844574.01366
8,spark_fifo,model_12,0.6,0.4,0.7,13832144017.612007,61018562786.4,74850706804.01201
8,spark_fifo,model_13,0.65,0.35,0.7,12103126015.410599,66103443018.6,78206569034.01059
8,spark_fifo,model_14,0.7,0.30000000000000004,0.7,10374108013.209082,71188323250.8,81562431264.00908
8,spark_fifo,model_15,0.75,0.25,0.7,8645090011.007402,76273203483.0,84918293494.0074
8,spark_fifo,model_16,0.8,0.19999999999999996,0.7,6916072008.806004,81358083715.2,88274155724.006
8,spark_fifo,model_17,0.85,0.15000000000000002,0.7,5187054006.604541,86442963947.4,91630017954.00453
8,spark_fifo,model_18,0.9,0.09999999999999998,0.7,3458036004.403002,91527844179.6,94985880184.003
8,spark_fifo,model_19,0.95,0.050000000000000044,0.7,1729018002.2015011,96612724411.8,98341742414.00151
8,spark_fifo,model_20,1.0,0.0,0.7,0.0,101697604644.0,101697604644.0
8,cap_fifo,model_0,0.0,1.0,0.7,25507624401.459446,0.0,25507624401.459446
8,cap_fifo,model_1,0.05,0.95,0.7,24232243181.386425,5167660383.6,29399903564.986427
8,cap_fifo,model_2,0.1,0.9,0.7,22956861961.31469,10335320767.2,33292182728.51469
8,cap_fifo,model_3,0.15,0.85,0.7,21681480741.24194,15502981150.8,37184461892.04194
8,cap_fifo,model_4,0.2,0.8,0.7,20406099521.16849,20670641534.4,41076741055.5685
8,cap_fifo,model_5,0.25,0.75,0.7,19130718301.09497,25838301918.0,44969020219.09497
8,cap_fifo,model_6,0.3,0.7,0.7,17855337081.021908,31005962301.6,48861299382.6219
8,cap_fifo,model_7,0.35,0.65,0.7,16579955860.948517,36173622685.2,52753578546.14851
8,cap_fifo,model_8,0.4,0.6,0.7,15304574640.87607,41341283068.8,56645857709.67607
8,cap_fifo,model_9,0.45,0.55,0.7,14029193420.802761,46508943452.4,60538136873.20276
8,cap_fifo,model_10,0.5,0.5,0.7,12753812200.729723,51676603836.0,64430416036.72972
8,cap_fifo,model_11,0.55,0.44999999999999996,0.7,11478430980.657345,56844264219.6,68322695200.25734
8,cap_fifo,model_12,0.6,0.4,0.7,10203049760.584246,62011924603.2,72214974363.78424
8,cap_fifo,model_13,0.65,0.35,0.7,8927668540.510954,67179584986.8,76107253527.31096
8,cap_fifo,model_14,0.7,0.30000000000000004,0.7,7652287320.438035,72347245370.4,79999532690.83803
8,cap_fifo,model_15,0.75,0.25,0.7,6376906100.3648615,77514905754.0,83891811854.36487
8,cap_fifo,model_16,0.8,0.19999999999999996,0.7,5101524880.292123,82682566137.6,87784091017.89214
8,cap_fifo,model_17,0.85,0.15000000000000002,0.7,3826143660.2190175,87850226521.2,91676370181.41902
8,cap_fifo,model_18,0.9,0.09999999999999998,0.7,2550762440.1460614,93017886904.8,95568649344.94606
8,cap_fifo,model_19,0.95,0.050000000000000044,0.7,1275381220.0730307,98185547288.4,99460928508.47302
8,cap_fifo,model_20,1.0,0.0,0.7,0.0,103353207672.0,103353207672.0
8,new_cap_fifo,model_0,0.0,1.0,0.7,24618679794.21012,0.0,24618679794.21012
8,new_cap_fifo,model_1,0.05,0.95,0.7,23387745804.49927,5197466551.55,28585212356.04927
8,new_cap_fifo,model_2,0.1,0.9,0.7,22156811814.788837,10394933103.1,32551744917.88884
8,new_cap_fifo,model_3,0.15,0.85,0.7,20925877825.07883,15592399654.65,36518277479.72883
8,new_cap_fifo,model_4,0.2,0.8,0.7,19694943835.36824,20789866206.2,40484810041.56824
8,new_cap_fifo,model_5,0.25,0.75,0.7,18464009845.65731,25987332757.75,44451342603.40731
8,new_cap_fifo,model_6,0.3,0.7,0.7,17233075855.946945,31184799309.3,48417875165.24695
8,new_cap_fifo,model_7,0.35,0.65,0.7,16002141866.237455,36382265860.85,52384407727.087456
8,new_cap_fifo,model_8,0.4,0.6,0.7,14771207876.526257,41579732412.4,56350940288.926254
8,new_cap_fifo,model_9,0.45,0.55,0.7,13540273886.815422,46777198963.95,60317472850.76542
8,new_cap_fifo,model_10,0.5,0.5,0.7,12309339897.10506,51974665515.5,64284005412.60506
8,new_cap_fifo,model_11,0.55,0.44999999999999996,0.7,11078405907.394419,57172132067.05,68250537974.44442
8,new_cap_fifo,model_12,0.6,0.4,0.7,9847471917.68412,62369598618.6,72217070536.28412
8,new_cap_fifo,model_13,0.65,0.35,0.7,8616537927.973473,67567065170.15,76183603098.12347
8,new_cap_fifo,model_14,0.7,0.30000000000000004,0.7,7385603938.263128,72764531721.7,80150135659.96312
8,new_cap_fifo,model_15,0.75,0.25,0.7,6154669948.55253,77961998273.25,84116668221.80254
8,new_cap_fifo,model_16,0.8,0.19999999999999996,0.7,4923735958.84206,83159464824.8,88083200783.64206
8,new_cap_fifo,model_17,0.85,0.15000000000000002,0.7,3692801969.131564,88356931376.35,92049733345.48157
8,new_cap_fifo,model_18,0.9,0.09999999999999998,0.7,2461867979.42103,93554397927.9,96016265907.32103
8,new_cap_fifo,model_19,0.95,0.050000000000000044,0.7,1230933989.7105153,98751864479.45,99982798469.1605
8,new_cap_fifo,model_20,1.0,0.0,0.7,0.0,103949331031.0,103949331031.0
8,backfill_cap_fifo,model_0,0.0,1.0,0.7,26712256464.649494,0.0,26712256464.649494
8,backfill_cap_fifo,model_1,0.05,0.95,0.7,25376643641.41758,5182130054.3,30558773695.71758
8,backfill_cap_fifo,model_2,0.1,0.9,0.7,24041030818.185535,10364260108.6,34405290926.78554
8,backfill_cap_fifo,model_3,0.15,0.85,0.7,22705417994.95273,15546390162.9,38251808157.85273
8,backfill_cap_fifo,model_4,0.2,0.8,0.7,21369805171.72078,20728520217.2,42098325388.92078
8,backfill_cap_fifo,model_5,0.25,0.75,0.7,20034192348.487488,25910650271.5,45944842619.98749
8,backfill_cap_fifo,model_6,0.3,0.7,0.7,18698579525.25484,31092780325.8,49791359851.05484
8,backfill_cap_fifo,model_7,0.35,0.65,0.7,17362966702.022133,36274910380.1,53637877082.12213
8,backfill_cap_fifo,model_8,0.4,0.6,0.7,16027353878.790152,41457040434.4,57484394313.190155
8,backfill_cap_fifo,model_9,0.45,0.55,0.7,14691741055.557674,46639170488.7,61330911544.257675
8,backfill_cap_fifo,model_10,0.5,0.5,0.7,13356128232.324747,51821300543.0,65177428775.324745
8,backfill_cap_fifo,model_11,0.55,0.44999999999999996,0.7,12020515409.092768,57003430597.3,69023946006.39278
8,backfill_cap_fifo,model_12,0.6,0.4,0.7,10684902585.86039,62185560651.6,72870463237.46039
8,backfill_cap_fifo,model_13,0.65,0.35,0.7,9349289762.62742,67367690705.9,76716980468.52742
8,backfill_cap_fifo,model_14,0.7,0.30000000000000004,0.7,8013676939.395076,72549820760.2,80563497699.59508
8,backfill_cap_fifo,model_15,0.75,0.25,0.7,6678064116.162374,77731950814.5,84410014930.66237
8,backfill_cap_fifo,model_16,0.8,0.19999999999999996,0.7,5342451292.930195,82914080868.8,88256532161.7302
8,backfill_cap_fifo,model_17,0.85,0.15000000000000002,0.7,4006838469.697538,88096210923.1,92103049392.79755
8,backfill_cap_fifo,model_18,0.9,0.09999999999999998,0.7,2671225646.4650974,93278340977.4,95949566623.8651
8,backfill_cap_fifo,model_19,0.95,0.050000000000000044,0.7,1335612823.232549,98460471031.7,99796083854.93254
8,backfill_cap_fifo,model_20,1.0,0.0,0.7,0.0,103642601086.0,103642601086.0
8,dynamic_b_cap_fifo,model_0,0.0,1.0,0.7,26245235347.78998,0.0,26245235347.78998
8,dynamic_b_cap_fifo,model_1,0.05,0.95,0.7,25163589211.789738,5169162769.2,30332751980.98974
8,dynamic_b_cap_fifo,model_2,0.1,0.9,0.7,23606159113.035965,10316398479.6,33922557592.635963
8,dynamic_b_cap_fifo,model_3,0.15,0.85,0.7,22272227037.02683,15548836358.1,37821063395.12683
8,dynamic_b_cap_fifo,model_4,0.2,0.8,0.7,21272001148.984306,20561498401.2,41833499550.18431
8,dynamic_b_cap_fifo,model_5,0.25,0.75,0.7,19720421193.77982,25803591630.0,45524012823.779816
8,dynamic_b_cap_fifo,model_6,0.3,0.7,0.7,18565794872.702038,31042077838.2,49607872710.90204
8,dynamic_b_cap_fifo,model_7,0.35,0.65,0.7,16826431100.04973,36384606946.1,53211038046.14973
8,dynamic_b_cap_fifo,model_8,0.4,0.6,0.7,15826607886.198034,41278079260.8,57104687146.99804
8,dynamic_b_cap_fifo,model_9,0.45,0.55,0.7,14220967801.469164,46354320775.8,60575288577.269165
8,dynamic_b_cap_fifo,model_10,0.5,0.5,0.7,12736592755.644882,51437290647.0,64173883402.64488
8,dynamic_b_cap_fifo,model_11,0.55,0.44999999999999996,0.7,11650388455.70582,57036365048.3,68686753504.00582
8,dynamic_b_cap_fifo,model_12,0.6,0.4,0.7,10361991599.772205,61959315204.0,72321306803.7722
8,dynamic_b_cap_fifo,model_13,0.65,0.35,0.7,9054265686.339996,67470876825.3,76525142511.64
8,dynamic_b_cap_fifo,model_14,0.7,0.30000000000000004,0.7,7809768952.383059,72379475427.0,80189244379.38306
8,dynamic_b_cap_fifo,model_15,0.75,0.25,0.7,6511025311.427434,77766780429.75,84277805741.17743
8,dynamic_b_cap_fifo,model_16,0.8,0.19999999999999996,0.7,5309329283.940133,83061413167.2,88370742451.14014
8,dynamic_b_cap_fifo,model_17,0.85,0.15000000000000002,0.7,3908339247.120004,88287730807.45,92196070054.57
8,dynamic_b_cap_fifo,model_18,0.9,0.09999999999999998,0.7,2645034812.117073,93272779705.5,95917814517.61707
8,dynamic_b_cap_fifo,model_19,0.95,0.050000000000000044,0.7,1329074852.806023,99046404855.4,100375479708.20602
8,dynamic_b_cap_fifo,model_20,1.0,0.0,0.7,0.0,103533493944.0,103533493944.0
8,efficiency_cap_fifo,model_0,0.0,1.0,0.7,24059455843.369537,0.0,24059455843.369537
8,efficiency_cap_fifo,model_1,0.05,0.95,0.7,23215405096.516697,5115637044.3,28331042140.816696
8,efficiency_cap_fifo,model_2,0.1,0.9,0.7,21758795873.496082,10270744089.6,32029539963.096085
8,efficiency_cap_fifo,model_3,0.15,0.85,0.7,20399598873.43222,15405047627.4,35804646500.83222
8,efficiency_cap_fifo,model_4,0.2,0.8,0.7,19439426783.60035,20573582244.0,40013009027.60035
8,efficiency_cap_fifo,model_5,0.25,0.75,0.7,18379439580.299534,25717916796.0,44097356376.29953
8,efficiency_cap_fifo,model_6,0.3,0.7,0.7,17168061097.788942,30927203622.0,48095264719.78894
8,efficiency_cap_fifo,model_7,0.35,0.65,0.7,15940967461.386557,35968320397.8,51909287859.18656
8,efficiency_cap_fifo,model_8,0.4,0.6,0.7,14502392293.835884,41634822766.8,56137215060.63589
8,efficiency_cap_fifo,model_9,0.45,0.55,0.7,13133715267.227526,46243584595.8,59377299863.02753
8,efficiency_cap_fifo,model_10,0.5,0.5,0.7,12171215357.384785,51592029888.0,63763245245.38478
8,efficiency_cap_fifo,model_11,0.55,0.44999999999999996,0.7,11070592136.910208,56540879465.4,67611471602.31021
8,efficiency_cap_fifo,model_12,0.6,0.4,0.7,10053853448.744003,61731159818.4,71785013267.14401
8,efficiency_cap_fifo,model_13,0.65,0.35,0.7,8388218558.821522,67602757961.05,75990976519.87152
8,efficiency_cap_fifo,model_14,0.7,0.30000000000000004,0.7,7405485684.849081,71833060374.6,79238546059.44908
8,efficiency_cap_fifo,model_15,0.75,0.25,0.7,6106289647.8424,77077837822.5,83184127470.3424
8,efficiency_cap_fifo,model_16,0.8,0.19999999999999996,0.7,4915304531.52799,81772327689.6,86687632221.12799
8,efficiency_cap_fifo,model_17,0.85,0.15000000000000002,0.7,3601424804.277014,87395560603.2,90996985407.477
8,efficiency_cap_fifo,model_18,0.9,0.09999999999999998,0.7,2431411387.56003,92775141541.8,95206552929.36003
8,efficiency_cap_fifo,model_19,0.95,0.050000000000000044,0.7,1212386589.1415284,97426512294.6,98638898883.74153
8,efficiency_cap_fifo,model_20,1.0,0.0,0.7,0.0,102528190752.0,102528190752.0
8,lookahead_cap_fifo,model_0,0.0,1.0,0.7,25934623115.65975,0.0,25934623115.65975
8,lookahead_cap_fifo,model_1,0.05,0.95,0.7,24801415363.28044,5119992019.8,29921407383.08044
8,lookahead_cap_fifo,model_2,0.1,0.9,0.7,23619864298.428246,10288429499.4,33908293797.828247
8,lookahead_cap_fifo,model_3,0.15,0.85,0.7,22269639906.791,15386533315.2,37656173221.991
8,lookahead_cap_fifo,model_4,0.2,0.8,0.7,21304968352.143986,20425921052.4,41730889404.54399
8,lookahead_cap_fifo,model_5,0.25,0.75,0.7,19463086047.577133,25512763452.0,44975849499.57713
8,lookahead_cap_fifo,model_6,0.3,0.7,0.7,18111195365.746227,30847454145.0,48958649510.74623
8,lookahead_cap_fifo,model_7,0.35,0.65,0.7,16726496265.557081,35966325851.4,52692822116.957085
8,lookahead_cap_fifo,model_8,0.4,0.6,0.7,15757003704.300234,40853966167.2,56610969871.50023
8,lookahead_cap_fifo,model_9,0.45,0.55,0.7,14678391660.097263,46354145929.2,61032537589.29726
8,lookahead_cap_fifo,model_10,0.5,0.5,0.7,13069552999.309778,51144325455.0,64213878454.30978
8,lookahead_cap_fifo,model_11,0.55,0.44999999999999996,0.7,11873657046.892668,56503944740.1,68377601786.99267
8,lookahead_cap_fifo,model_12,0.6,0.4,0.7,10507058039.112026,61542830602.8,72049888641.91203
8,lookahead_cap_fifo,model_13,0.65,0.35,0.7,9284463073.941801,67135093002.9,76419556076.8418
8,lookahead_cap_fifo,model_14,0.7,0.30000000000000004,0.7,7779398473.58403,71993576029.2,79772974502.78403
8,lookahead_cap_fifo,model_15,0.75,0.25,0.7,6395958718.039949,76911927826.5,83307886544.53995
8,lookahead_cap_fifo,model_16,0.8,0.19999999999999996,0.7,5241007248.867965,82337898158.4,87578905407.26796
8,lookahead_cap_fifo,model_17,0.85,0.15000000000000002,0.7,3988709507.0310373,87275398896.3,91264108403.33104
8,lookahead_cap_fifo,model_18,0.9,0.09999999999999998,0.7,2559078917.236956,91839479103.0,94398558020.23695
8,lookahead_cap_fifo,model_19,0.95,0.050000000000000044,0.7,1326271964.7059925,97527589818.9,98853861783.60599
8,lookahead_cap_fifo,model_20,1.0,0.0,0.7,0.0,102466411620.0,102466411620.0
8,weighted_cap_fifo,model_0,0.0,1.0,0.7,26169711739.309948,0.0,26169711739.309948
8,weighted_cap_fifo,model_1,0.05,0.95,0.7,25156756127.33364,5197820103.2,30354576230.53364
8,weighted_cap_fifo,model_2,0.1,0.9,0.7,23794804920.06113,10341401543.4,34136206463.46113
8,weighted_cap_fifo,model_3,0.15,0.85,0.7,22033686802.424862,15577168267.35,37610855069.774864
8,weighted_cap_fifo,model_4,0.2,0.8,0.7,21459212052.8004,20714184813.6,42173396866.4004
8,weighted_cap_fifo,model_5,0.25,0.75,0.7,19727207850.55435,25829640535.5,45556848386.05435
8,weighted_cap_fifo,model_6,0.3,0.7,0.7,18090355431.077965,31258395385.2,49348750816.27797
8,weighted_cap_fifo,model_7,0.35,0.65,0.7,16563122815.414516,36550199709.45,53113322524.86452
8,weighted_cap_fifo,model_8,0.4,0.6,0.7,15496670008.733952,41306339652.0,56803009660.73395
8,weighted_cap_fifo,model_9,0.45,0.55,0.7,13942453813.309973,46332319245.3,60274773058.60998
8,weighted_cap_fifo,model_10,0.5,0.5,0.7,13091786274.399944,51919785381.0,65011571655.39995
8,weighted_cap_fifo,model_11,0.55,0.44999999999999996,0.7,11253614182.497509,56783893574.1,68037507756.5975
8,weighted_cap_fifo,model_12,0.6,0.4,0.7,10472635675.600132,61907055498.0,72379691173.60013
8,weighted_cap_fifo,model_13,0.65,0.35,0.7,9129569720.022625,67192591631.1,76322161351.12262
8,weighted_cap_fifo,model_14,0.7,0.30000000000000004,0.7,7627247213.301023,72690062914.7,80317310128.00102
8,weighted_cap_fifo,model_15,0.75,0.25,0.7,6393012883.154906,77826979764.75,84219992647.9049
8,weighted_cap_fifo,model_16,0.8,0.19999999999999996,0.7,5172924184.632152,83300936447.2,88473860631.83215
8,weighted_cap_fifo,model_17,0.85,0.15000000000000002,0.7,3837934565.3385296,87878464247.1,91716398812.43854
8,weighted_cap_fifo,model_18,0.9,0.09999999999999998,0.7,2582301518.400994,93628701107.1,96211002625.501
8,weighted_cap_fifo,model_19,0.95,0.050000000000000044,0.7,1287568017.6125503,98332088166.6,99619656184.21255
8,weighted_cap_fifo,model_20,1.0,0.0,0.7,0.0,104244849248.0,104244849248.0
8,pcaps,model_0,0.0,1.0,0.7,20362403141.59975,0.0,20362403141.59975
8,pcaps,model_1,0.05,0.95,0.7,19344282984.519073,5048259583.2,24392542567.719074
8,pcaps,model_2,0.1,0.9,0.7,18326162827.441303,10096519166.4,28422681993.8413
8,pcaps,model_3,0.15,0.85,0.7,17308042670.360218,15144778749.6,32452821419.96022
8,pcaps,model_4,0.2,0.8,0.7,16289922513.27978,20193038332.8,36482960846.07978
8,pcaps,model_5,0.25,0.75,0.7,15271802356.20031,25241297916.0,40513100272.20031
8,pcaps,model_6,0.3,0.7,0.7,14253682199.119493,30289557499.2,44543239698.319496
8,pcaps,model_7,0.35,0.65,0.7,13235562042.039963,35337817082.4,48573379124.439964
8,pcaps,model_8,0.4,0.6,0.7,12217441884.960001,40386076665.6,52603518550.56
8,pcaps,model_9,0.45,0.55,0.7,11199321727.879944,45434336248.8,56633657976.67995
8,pcaps,model_10,0.5,0.5,0.7,10181201570.799875,50482595832.0,60663797402.79987
8,pcaps,model_11,0.55,0.44999999999999996,0.7,9163081413.720652,55530855415.2,64693936828.92065
8,pcaps,model_12,0.6,0.4,0.7,8144961256.63989,60579114998.4,68724076255.03989
8,pcaps,model_13,0.65,0.35,0.7,7126841099.559747,65627374581.6,72754215681.15974
8,pcaps,model_14,0.7,0.30000000000000004,0.7,6108720942.4800005,70675634164.8,76784355107.28
8,pcaps,model_15,0.75,0.25,0.7,5090600785.399938,75723893748.0,80814494533.39993
8,pcaps,model_16,0.8,0.19999999999999996,0.7,4072480628.319945,80772153331.2,84844633959.51994
8,pcaps,model_17,0.85,0.15000000000000002,0.7,3054360471.2400002,85820412914.4,88874773385.64
8,pcaps,model_18,0.9,0.09999999999999998,0.7,2036240314.1599724,90868672497.6,92904912811.75998
8,pcaps,model_19,0.95,0.050000000000000044,0.7,1018120157.0799863,95916932080.8,96935052237.87999
8,pcaps,model_20,1.0,0.0,0.7,0.0,100965191664.0,100965191664.0
9,spark_fifo,model_0,0.0,1.0,0.7,33452241453.950085,0.0,33452241453.950085
9,spark_fifo,model_1,0.05,0.95,0.7,31779629381.252388,5361587775.6,37141217156.85239
9,spark_fifo,model_2,0.1,0.9,0.7,30107017308.555496,10723175551.2,40830192859.75549
9,spark_fifo,model_3,0.15,0.85,0.7,28434405235.857883,16084763326.8,44519168562.65788
9,spark_fifo,model_4,0.2,0.8,0.7,26761793163.160126,21446351102.4,48208144265.56013
9,spark_fifo,model_5,0.25,0.75,0.7,25089181090.462696,26807938878.0,51897119968.46269
9,spark_fifo,model_6,0.3,0.7,0.7,23416569017.76474,32169526653.6,55586095671.36474
9,spark_fifo,model_7,0.35,0.65,0.7,21743956945.06687,37531114429.2,59275071374.26687
9,spark_fifo,model_8,0.4,0.6,0.7,20071344872.37002,42892702204.8,62964047077.17003
9,spark_fifo,model_9,0.45,0.55,0.7,18398732799.672493,48254289980.4,66653022780.072495
9,spark_fifo,model_10,0.5,0.5,0.7,16726120726.975042,53615877756.0,70341998482.97504
9,spark_fifo,model_11,0.55,0.44999999999999996,0.7,15053508654.277748,58977465531.6,74030974185.87775
9,spark_fifo,model_12,0.6,0.4,0.7,13380896581.580063,64339053307.2,77719949888.78006
9,spark_fifo,model_13,0.65,0.35,0.7,11708284508.88237,69700641082.8,81408925591.68237
9,spark_fifo,model_14,0.7,0.30000000000000004,0.7,10035672436.18501,75062228858.4,85097901294.585
9,spark_fifo,model_15,0.75,0.25,0.7,8363060363.487521,80423816634.0,88786876997.48752
9,spark_fifo,model_16,0.8,0.19999999999999996,0.7,6690448290.790031,85785404409.6,92475852700.39005
9,spark_fifo,model_17,0.85,0.15000000000000002,0.7,5017836218.092505,91146992185.2,96164828403.2925
9,spark_fifo,model_18,0.9,0.09999999999999998,0.7,3345224145.3950157,96508579960.8,99853804106.19502
9,spark_fifo,model_19,0.95,0.050000000000000044,0.7,1672612072.6975079,101870167736.4,103542779809.0975
9,spark_fifo,model_20,1.0,0.0,0.7,0.0,107231755512.0,107231755512.0
9,cap_fifo,model_0,0.0,1.0,0.7,23602124572.810738,0.0,23602124572.810738
9,cap_fifo,model_1,0.05,0.95,0.7,22422018344.169872,5383593608.75,27805611952.919872
9,cap_fifo,model_2,0.1,0.9,0.7,21241912115.529118,10767187217.5,32009099333.029118
9,cap_fifo,model_3,0.15,0.85,0.7,20061805886.889008,16150780826.25,36212586713.13901
9,cap_fifo,model_4,0.2,0.8,0.7,18881699658.24826,21534374435.0,40416074093.24826
9,cap_fifo,model_5,0.25,0.75,0.7,17701593429.60756,26917968043.75,44619561473.35756
9,cap_fifo,model_6,0.3,0.7,0.7,16521487200.967054,32301561652.5,48823048853.46706
9,cap_fifo,model_7,0.35,0.65,0.7,15341380972.326859,37685155261.25,53026536233.57686
9,cap_fifo,model_8,0.4,0.6,0.7,14161274743.686249,43068748870.0,57230023613.68625
9,cap_fifo,model_9,0.45,0.55,0.7,12981168515.045158,48452342478.75,61433510993.79516
9,cap_fifo,model_10,0.5,0.5,0.7,11801062286.405369,53835936087.5,65636998373.905365
9,cap_fifo,model_11,0.55,0.44999999999999996,0.7,10620956057.764559,59219529696.25,69840485754.01456
9,cap_fifo,model_12,0.6,0.4,0.7,9440849829.12413,64603123305.0,74043973134.12413
9,cap_fifo,model_13,0.65,0.35,0.7,8260743600.483527,69986716913.75,78247460514.23352
9,cap_fifo,model_14,0.7,0.30000000000000004,0.7,7080637371.843124,75370310522.5,82450947894.34312
9,cap_fifo,model_15,0.75,0.25,0.7,5900531143.202684,80753904131.25,86654435274.45268
9,cap_fifo,model_16,0.8,0.19999999999999996,0.7,4720424914.562065,86137497740.0,90857922654.56207
9,cap_fifo,model_17,0.85,0.15000000000000002,0.7,3540318685.921562,91521091348.75,95061410034.67157
9,cap_fifo,model_18,0.9,0.09999999999999998,0.7,2360212457.2810326,96904684957.5,99264897414.78104
9,cap_fifo,model_19,0.95,0.050000000000000044,0.7,1180106228.6405163,102288278566.25,103468384794.89052
9,cap_fifo,model_20,1.0,0.0,0.7,0.0,107671872175.0,107671872175.0
9,new_cap_fifo,model_0,0.0,1.0,0.7,22969079958.15047,0.0,22969079958.15047
9,new_cap_fifo,model_1,0.05,0.95,0.7,21820625960.24239,5381688134.0,27202314094.24239
9,new_cap_fifo,model_2,0.1,0.9,0.7,20672171962.3354,10763376268.0,31435548230.3354
9,new_cap_fifo,model_3,0.15,0.85,0.7,19523717964.427246,16145064402.0,35668782366.427246
9,new_cap_fifo,model_4,0.2,0.8,0.7,18375263966.52056,21526752536.0,39902016502.52056
9,new_cap_fifo,model_5,0.25,0.75,0.7,17226809968.612324,26908440670.0,44135250638.61232
9,new_cap_fifo,model_6,0.3,0.7,0.7,16078355970.705587,32290128804.0,48368484774.70559
9,new_cap_fifo,model_7,0.35,0.65,0.7,14929901972.798288,37671816938.0,52601718910.79829
9,new_cap_fifo,model_8,0.4,0.6,0.7,13781447974.889532,43053505072.0,56834953046.889534
9,new_cap_fifo,model_9,0.45,0.55,0.7,12632993976.981937,48435193206.0,61068187182.98193
9,new_cap_fifo,model_10,0.5,0.5,0.7,11484539979.075235,53816881340.0,65301421319.07523
9,new_cap_fifo,model_11,0.55,0.44999999999999996,0.7,10336085981.1677,59198569474.0,69534655455.1677
9,new_cap_fifo,model_12,0.6,0.4,0.7,9187631983.26028,64580257608.0,73767889591.26028
9,new_cap_fifo,model_13,0.65,0.35,0.7,8039177985.352794,69961945742.0,78001123727.3528
9,new_cap_fifo,model_14,0.7,0.30000000000000004,0.7,6890723987.444766,75343633876.0,82234357863.44476
9,new_cap_fifo,model_15,0.75,0.25,0.7,5742269989.537618,80725322010.0,86467591999.53761
9,new_cap_fifo,model_16,0.8,0.19999999999999996,0.7,4593815991.63014,86107010144.0,90700826135.63014
9,new_cap_fifo,model_17,0.85,0.15000000000000002,0.7,3445361993.722383,91488698278.0,94934060271.72238
9,new_cap_fifo,model_18,0.9,0.09999999999999998,0.7,2296907995.81507,96870386412.0,99167294407.81506
9,new_cap_fifo,model_19,0.95,0.050000000000000044,0.7,1148453997.907535,102252074546.0,103400528543.90753
9,new_cap_fifo,model_20,1.0,0.0,0.7,0.0,107633762680.0,107633762680.0
9,backfill_cap_fifo,model_0,0.0,1.0,0.7,24662816739.36,0.0,24662816739.36
9,backfill_cap_fifo,model_1,0.05,0.95,0.7,23429675902.390984,5376603676.25,28806279578.640984
9,backfill_cap_fifo,model_2,0.1,0.9,0.7,22196535065.424408,10753207352.5,32949742417.924408
9,backfill_cap_fifo,model_3,0.15,0.85,0.7,20963394228.45639,16129811028.75,37093205257.20639
9,backfill_cap_fifo,model_4,0.2,0.8,0.7,19730253391.48779,21506414705.0,41236668096.48779
9,backfill_cap_fifo,model_5,0.25,0.75,0.7,18497112554.51958,26883018381.25,45380130935.76958
9,backfill_cap_fifo,model_6,0.3,0.7,0.7,17263971717.552105,32259622057.5,49523593775.05211
9,backfill_cap_fifo,model_7,0.35,0.65,0.7,16030830880.583685,37636225733.75,53667056614.33369
9,backfill_cap_fifo,model_8,0.4,0.6,0.7,14797690043.616074,43012829410.0,57810519453.61607
9,backfill_cap_fifo,model_9,0.45,0.55,0.7,13564549206.647667,48389433086.25,61953982292.89767
9,backfill_cap_fifo,model_10,0.5,0.5,0.7,12331408369.68,53766036762.5,66097445132.18
9,backfill_cap_fifo,model_11,0.55,0.44999999999999996,0.7,11098267532.712204,59142640438.75,70240907971.4622
9,backfill_cap_fifo,model_12,0.6,0.4,0.7,9865126695.743895,64519244115.0,74384370810.7439
9,backfill_cap_fifo,model_13,0.65,0.35,0.7,8631985858.776052,69895847791.25,78527833650.02605
9,backfill_cap_fifo,model_14,0.7,0.30000000000000004,0.7,7398845021.808037,75272451467.5,82671296489.30804
9,backfill_cap_fifo,model_15,0.75,0.25,0.7,6165704184.84,80649055143.75,86814759328.59
9,backfill_cap_fifo,model_16,0.8,0.19999999999999996,0.7,4932563347.871946,86025658820.0,90958222167.87195
9,backfill_cap_fifo,model_17,0.85,0.15000000000000002,0.7,3699422510.9040184,91402262496.25,95101685007.15402
9,backfill_cap_fifo,model_18,0.9,0.09999999999999998,0.7,2466281673.935973,96778866172.5,99245147846.43597
9,backfill_cap_fifo,model_19,0.95,0.050000000000000044,0.7,1233140836.9679868,102155469848.75,103388610685.71799
9,backfill_cap_fifo,model_20,1.0,0.0,0.7,0.0,107532073525.0,107532073525.0
9,dynamic_b_cap_fifo,model_0,0.0,1.0,0.7,24435260676.8609,0.0,24435260676.8609
9,dynamic_b_cap_fifo,model_1,0.05,0.95,0.7,23199603952.296093,5388946173.5,28588550125.796093
9,dynamic_b_cap_fifo,model_2,0.1,0.9,0.7,21607436859.525677,10777892347.0,32385329206.525677
9,dynamic_b_cap_fifo,model_3,0.15,0.85,0.7,21408924072.22982,16166838520.5,37575762592.72982
9,dynamic_b_cap_fifo,model_4,0.2,0.8,0.7,19279501270.20796,21555784694.0,40835285964.20796
9,dynamic_b_cap_fifo,model_5,0.25,0.75,0.7,17769875181.201893,26944730867.5,44714606048.70189
9,dynamic_b_cap_fifo,model_6,0.3,0.7,0.7,16915115352.890823,32333677041.0,49248792393.89082
9,dynamic_b_cap_fifo,model_7,0.35,0.65,0.7,15826016341.888779,37722623214.5,53548639556.38878
9,dynamic_b_cap_fifo,model_8,0.4,0.6,0.7,14657493194.621944,43114097254.0,57771590448.62195
9,dynamic_b_cap_fifo,model_9,0.45,0.55,0.7,13180578018.684902,48500515561.5,61681093580.184906
9,dynamic_b_cap_fifo,model_10,0.5,0.5,0.7,11937125914.78516,53889461735.0,65826587649.78516
9,dynamic_b_cap_fifo,model_11,0.55,0.44999999999999996,0.7,10889380318.96825,59278407908.5,70167788227.46825
9,dynamic_b_cap_fifo,model_12,0.6,0.4,0.7,9780146995.320175,64667354082.0,74447501077.32018
9,dynamic_b_cap_fifo,model_13,0.65,0.35,0.7,8556861940.028573,70056300255.5,78613162195.52858
9,dynamic_b_cap_fifo,model_14,0.7,0.30000000000000004,0.7,7461264959.0879545,75445246429.0,82906511388.08795
9,dynamic_b_cap_fifo,model_15,0.75,0.25,0.7,5987655236.547623,80834192602.5,86821847839.04762
9,dynamic_b_cap_fifo,model_16,0.8,0.19999999999999996,0.7,4865485620.389915,86223138776.0,91088624396.38992
9,dynamic_b_cap_fifo,model_17,0.85,0.15000000000000002,0.7,3655701812.945961,91612084949.5,95267786762.44595
9,dynamic_b_cap_fifo,model_18,0.9,0.09999999999999998,0.7,2452754920.8740554,97001031123.0,99453786043.87405
9,dynamic_b_cap_fifo,model_19,0.95,0.050000000000000044,0.7,1201277030.2500145,102389977296.5,103591254326.75002
9,dynamic_b_cap_fifo,model_20,1.0,0.0,0.7,0.0,107778923470.0,107778923470.0
9,efficiency_cap_fifo,model_0,0.0,1.0,0.7,23715936307.940456,0.0,23715936307.940456
9,efficiency_cap_fifo,model_1,0.05,0.95,0.7,22138061132.36959,5372578879.5,27510640011.86959
9,efficiency_cap_fifo,model_2,0.1,0.9,0.7,20952610929.846832,10740445434.5,31693056364.346832
9,efficiency_cap_fifo,model_3,0.15,0.85,0.7,19702169425.76486,16108451287.35,35810620713.11486
9,efficiency_cap_fifo,model_4,0.2,0.8,0.7,18973988897.92783,21510755485.0,40484744382.927826
9,efficiency_cap_fifo,model_5,0.25,0.75,0.7,17343756372.209908,26884135493.75,44227891865.95991
9,efficiency_cap_fifo,model_6,0.3,0.7,0.7,16316094242.679052,32217036351.0,48533130593.679054
9,efficiency_cap_fifo,model_7,0.35,0.65,0.7,15013418856.591873,37650323693.5,52663742550.09187
9,efficiency_cap_fifo,model_8,0.4,0.6,0.7,14180711491.601845,42955182107.2,57135893598.80184
9,efficiency_cap_fifo,model_9,0.45,0.55,0.7,12637196892.363787,48399199841.25,61036396733.613785
9,efficiency_cap_fifo,model_10,0.5,0.5,0.7,11663523066.94002,53776888712.5,65440411779.44002
9,efficiency_cap_fifo,model_11,0.55,0.44999999999999996,0.7,10718038928.520346,59084362350.75,69802401279.27034
9,efficiency_cap_fifo,model_12,0.6,0.4,0.7,9498544745.088001,64500246819.0,73998791564.088
9,efficiency_cap_fifo,model_13,0.65,0.35,0.7,8206255836.796577,69873192749.75,78079448586.54657
9,efficiency_cap_fifo,model_14,0.7,0.30000000000000004,0.7,6876959543.388017,75184946317.6,82061905860.98802
9,efficiency_cap_fifo,model_15,0.75,0.25,0.7,5762619927.952493,80569585023.75,86332204951.7025
9,efficiency_cap_fifo,model_16,0.8,0.19999999999999996,0.7,4695239625.260064,85940890692.0,90636130317.26007
9,efficiency_cap_fifo,model_17,0.85,0.15000000000000002,0.7,3504320515.948477,91373884647.0,94878205162.94847
9,efficiency_cap_fifo,model_18,0.9,0.09999999999999998,0.7,2371656786.2649727,96750427680.0,99122084466.26497
9,efficiency_cap_fifo,model_19,0.95,0.050000000000000044,0.7,1148281996.5515006,102176088553.75,103324370550.3015
9,efficiency_cap_fifo,model_20,1.0,0.0,0.7,0.0,107426113365.0,107426113365.0
9,lookahead_cap_fifo,model_0,0.0,1.0,0.7,24605781270.930416,0.0,24605781270.930416
9,lookahead_cap_fifo,model_1,0.05,0.95,0.7,23355531862.795197,5369799092.3,28725330955.095196
9,lookahead_cap_fifo,model_2,0.1,0.9,0.7,22245917299.893326,10727704834.5,32973622134.393326
9,lookahead_cap_fifo,model_3,0.15,0.85,0.7,20493092539.121765,16109024614.35,36602117153.47176
9,lookahead_cap_fifo,model_4,0.2,0.8,0.7,19046477616.816124,21485222673.0,40531700289.816124
9,lookahead_cap_fifo,model_5,0.25,0.75,0.7,18334955135.324657,26819262086.25,45154217221.57466
9,lookahead_cap_fifo,model_6,0.3,0.7,0.7,17094205518.606863,32227834009.5,49322039528.106865
9,lookahead_cap_fifo,model_7,0.35,0.65,0.7,15754353082.324703,37599139677.75,53353492760.07471
9,lookahead_cap_fifo,model_8,0.4,0.6,0.7,14590376813.195868,42961781738.0,57552158551.19587
9,lookahead_cap_fifo,model_9,0.45,0.55,0.7,13485140608.04308,48332004455.25,61817145063.293076
9,lookahead_cap_fifo,model_10,0.5,0.5,0.7,12250893976.350159,53702227172.5,65953121148.85016
9,lookahead_cap_fifo,model_11,0.55,0.44999999999999996,0.7,10884971749.252573,58997716715.3,69882688464.55258
9,lookahead_cap_fifo,model_12,0.6,0.4,0.7,9557022207.363752,64442672607.0,73999694814.36375
9,lookahead_cap_fifo,model_13,0.65,0.35,0.7,8748360677.150614,69805773328.85,78554134006.00063
9,lookahead_cap_fifo,model_14,0.7,0.30000000000000004,0.7,7399204663.704014,75093933841.5,82493138505.20401
9,lookahead_cap_fifo,model_15,0.75,0.25,0.7,6177174317.722505,80569585023.75,86746759341.4725
9,lookahead_cap_fifo,model_16,0.8,0.19999999999999996,0.7,4915344494.751965,85925652934.4,90840997429.15196
9,lookahead_cap_fifo,model_17,0.85,0.15000000000000002,0.7,3775479409.711499,91298551177.65,95074030587.3615
9,lookahead_cap_fifo,model_18,0.9,0.09999999999999998,0.7,2450816494.226002,96549343510.5,99000160004.726
9,lookahead_cap_fifo,model_19,0.95,0.050000000000000044,0.7,1214721396.8759975,102123632142.5,103338353539.37599
9,lookahead_cap_fifo,model_20,1.0,0.0,0.7,0.0,107393497429.0,107393497429.0
9,weighted_cap_fifo,model_0,0.0,1.0,0.7,23974489836.830467,0.0,23974489836.830467
9,weighted_cap_fifo,model_1,0.05,0.95,0.7,23159614307.883083,5369901017.1,28529515324.983086
9,weighted_cap_fifo,model_2,0.1,0.9,0.7,22187652124.428707,10739617295.5,32927269419.928707
9,weighted_cap_fifo,model_3,0.15,0.85,0.7,21099868513.666744,16109578830.45,37209447344.116745
9,weighted_cap_fifo,model_4,0.2,0.8,0.7,19226943054.272266,21510755485.0,40737698539.27226
9,weighted_cap_fifo,model_5,0.25,0.75,0.7,18450451322.759712,26888444356.25,45338895679.00971
9,weighted_cap_fifo,model_6,0.3,0.7,0.7,16888051108.445862,32223190060.8,49111241169.245865
9,weighted_cap_fifo,model_7,0.35,0.65,0.7,15537294644.351841,37637141766.0,53174436410.35184
9,weighted_cap_fifo,model_8,0.4,0.6,0.7,14186880253.823816,42962826467.2,57149706721.02381
9,weighted_cap_fifo,model_9,0.45,0.55,0.7,13518269291.482563,48334785091.2,61853054382.682556
9,weighted_cap_fifo,model_10,0.5,0.5,0.7,11709254884.9101,53703533084.0,65412787968.9101
9,weighted_cap_fifo,model_11,0.55,0.44999999999999996,0.7,10747085705.577368,59142640438.75,69889726144.32736
9,weighted_cap_fifo,model_12,0.6,0.4,0.7,9532707372.276072,64552451082.0,74085158454.27608
9,weighted_cap_fifo,model_13,0.65,0.35,0.7,8533105029.221429,69816911798.4,78350016827.62143
9,weighted_cap_fifo,model_14,0.7,0.30000000000000004,0.7,7259816191.81193,75314678320.0,82574494511.81194
9,weighted_cap_fifo,model_15,0.75,0.25,0.7,6101018276.152622,80651018070.0,86752036346.15262
9,weighted_cap_fifo,model_16,0.8,0.19999999999999996,0.7,4708939282.304117,86071058272.0,90779997554.30412
9,weighted_cap_fifo,model_17,0.85,0.15000000000000002,0.7,3523999893.2909923,91420710811.25,94944710704.54099
9,weighted_cap_fifo,model_18,0.9,0.09999999999999998,0.7,2388549470.285012,96783232486.5,99171781956.78502
9,weighted_cap_fifo,model_19,0.95,0.050000000000000044,0.7,1170564592.697534,102157956222.0,103328520814.69754
9,weighted_cap_fifo,model_20,1.0,0.0,0.7,0.0,107677553490.0,107677553490.0
9,pcaps,model_0,0.0,1.0,0.7,17112643865.090277,0.0,17112643865.090277
9,pcaps,model_1,0.05,0.95,0.7,16257011671.836174,5368636512.55,21625648184.386173
9,pcaps,model_2,0.1,0.9,0.7,15401379478.58061,10737273025.1,26138652503.68061
9,pcaps,model_3,0.15,0.85,0.7,14545747285.327152,16105909537.65,30651656822.97715
9,pcaps,model_4,0.2,0.8,0.7,13690115092.072279,21474546050.2,35164661142.27228
9,pcaps,model_5,0.25,0.75,0.7,12834482898.817604,26843182562.75,39677665461.567604
9,pcaps,model_6,0.3,0.7,0.7,11978850705.562738,32211819075.3,44190669780.86274
9,pcaps,model_7,0.35,0.65,0.7,11123218512.308214,37580455587.85,48703674100.15821
9,pcaps,model_8,0.4,0.6,0.7,10267586319.053766,42949092100.4,53216678419.453766
9,pcaps,model_9,0.45,0.55,0.7,9411954125.799309,48317728612.95,57729682738.749306
9,pcaps,model_10,0.5,0.5,0.7,8556321932.545138,53686365125.5,62242687058.045135
9,pcaps,model_11,0.55,0.44999999999999996,0.7,7700689739.290305,59055001638.05,66755691377.34031
9,pcaps,model_12,0.6,0.4,0.7,6845057546.0361395,64423638150.6,71268695696.63614
9,pcaps,model_13,0.65,0.35,0.7,5989425352.781369,69792274663.15,75781700015.93137
9,pcaps,model_14,0.7,0.30000000000000004,0.7,5133793159.526883,75160911175.7,80294704335.22688
9,pcaps,model_15,0.75,0.25,0.7,4278160966.272569,80529547688.25,84807708654.52257
9,pcaps,model_16,0.8,0.19999999999999996,0.7,3422528773.0180697,85898184200.8,89320712973.81807
9,pcaps,model_17,0.85,0.15000000000000002,0.7,2566896579.7634416,91266820713.35,93833717293.11345
9,pcaps,model_18,0.9,0.09999999999999998,0.7,1711264386.5090349,96635457225.9,98346721612.40903
9,pcaps,model_19,0.95,0.050000000000000044,0.7,855632193.2545176,102004093738.45,102859725931.70451
9,pcaps,model_20,1.0,0.0,0.7,0.0,107372730251.0,107372730251.0
10,spark_fifo,model_0,0.0,1.0,0.7,36511207514.23961,0.0,36511207514.23961
10,spark_fifo,model_1,0.05,0.95,0.7,34685647138.52797,5713375897.8,40399023036.32797
10,spark_fifo,model_2,0.1,0.9,0.7,32860086762.816807,11426751795.6,44286838558.41681
10,spark_fifo,model_3,0.15,0.85,0.7,31034526387.102924,17140127693.4,48174654080.50292
10,spark_fifo,model_4,0.2,0.8,0.7,29208966011.392033,22853503591.2,52062469602.59203
10,spark_fifo,model_5,0.25,0.75,0.7,27383405635.680065,28566879489.0,55950285124.68007
10,spark_fifo,model_6,0.3,0.7,0.7,25557845259.967155,34280255386.8,59838100646.76715
10,spark_fifo,model_7,0.35,0.65,0.7,23732284884.25559,39993631284.6,63725916168.85559
10,spark_fifo,model_8,0.4,0.6,0.7,21906724508.543987,45707007182.4,67613731690.943985
10,spark_fifo,model_9,0.45,0.55,0.7,20081164132.83218,51420383080.2,71501547213.03218
10,spark_fifo,model_10,0.5,0.5,0.7,18255603757.119804,57133758978.0,75389362735.11981
10,spark_fifo,model_11,0.55,0.44999999999999996,0.7,16430043381.408403,62847134875.8,79277178257.2084
10,spark_fifo,model_12,0.6,0.4,0.7,14604483005.696016,68560510773.6,83164993779.29602
10,spark_fifo,model_13,0.65,0.35,0.7,12778922629.983578,74273886671.4,87052809301.38358
10,spark_fifo,model_14,0.7,0.30000000000000004,0.7,10953362254.271994,79987262569.2,90940624823.47198
10,spark_fifo,model_15,0.75,0.25,0.7,9127801878.559902,85700638467.0,94828440345.5599
10,spark_fifo,model_16,0.8,0.19999999999999996,0.7,7302241502.848008,91414014364.8,98716255867.64801
10,spark_fifo,model_17,0.85,0.15000000000000002,0.7,5476681127.135997,97127390262.6,102604071389.73601
10,spark_fifo,model_18,0.9,0.09999999999999998,0.7,3651120751.424004,102840766160.4,106491886911.824
10,spark_fifo,model_19,0.95,0.050000000000000044,0.7,1825560375.712002,108554142058.2,110379702433.912
10,spark_fifo,model_20,1.0,0.0,0.7,0.0,114267517956.0,114267517956.0
10,cap_fifo,model_0,0.0,1.0,0.7,25347788745.810005,0.0,25347788745.810005
10,cap_fifo,model_1,0.05,0.95,0.7,24080399308.518867,6313090294.25,30393489602.768867
10,cap_fifo,model_2,0.1,0.9,0.7,22813009871.228783,12626180588.5,35439190459.72878
10,cap_fifo,model_3,0.15,0.85,0.7,21545620433.938786,18939270882.75,40484891316.68878
10,cap_fifo,model_4,0.2,0.8,0.7,20278230996.647884,25252361177.0,45530592173.64789
10,cap_fifo,model_5,0.25,0.75,0.7,19010841559.35784,31565451471.25,50576293030.60784
10,cap_fifo,model_6,0.3,0.7,0.7,17743452122.06621,37878541765.5,55621993887.56621
10,cap_fifo,model_7,0.35,0.65,0.7,16476062684.776503,44191632059.75,60667694744.526505
10,cap_fifo,model_8,0.4,0.6,0.7,15208673247.4858,50504722354.0,65713395601.4858
10,cap_fifo,model_9,0.45,0.55,0.7,13941283810.195341,56817812648.25,70759096458.44534
10,cap_fifo,model_10,0.5,0.5,0.7,12673894372.905003,63130902942.5,75804797315.405
10,cap_fifo,model_11,0.55,0.44999999999999996,0.7,11406504935.614391,69443993236.75,80850498172.3644
10,cap_fifo,model_12,0.6,0.4,0.7,10139115498.323942,75757083531.0,85896199029.32394
10,cap_fifo,model_13,0.65,0.35,0.7,8871726061.033106,82070173825.25,90941899886.28311
10,cap_fifo,model_14,0.7,0.30000000000000004,0.7,7604336623.7429,88383264119.5,95987600743.2429
10,cap_fifo,model_15,0.75,0.25,0.7,6336947186.452501,94696354413.75,101033301600.2025
10,cap_fifo,model_16,0.8,0.19999999999999996,0.7,5069557749.161971,101009444708.0,106079002457.16197
10,cap_fifo,model_17,0.85,0.15000000000000002,0.7,3802168311.87145,107322535002.25,111124703314.12144
10,cap_fifo,model_18,0.9,0.09999999999999998,0.7,2534778874.5809855,113635625296.5,116170404171.08098
10,cap_fifo,model_19,0.95,0.050000000000000044,0.7,1267389437.290493,119948715590.75,121216105028.0405
10,cap_fifo,model_20,1.0,0.0,0.7,0.0,126261805885.0,126261805885.0
10,new_cap_fifo,model_0,0.0,1.0,0.7,24927939553.070316,0.0,24927939553.070316
10,new_cap_fifo,model_1,0.05,0.95,0.7,23681542575.417038,6379135309.2,30060677884.61704
10,new_cap_fifo,model_2,0.1,0.9,0.7,22435145597.762703,12758270618.4,35193416216.162704
10,new_cap_fifo,model_3,0.15,0.85,0.7,21188748620.109955,19137405927.6,40326154547.70995
10,new_cap_fifo,model_4,0.2,0.8,0.7,19942351642.455925,25516541236.8,45458892879.25592
10,new_cap_fifo,model_5,0.25,0.75,0.7,18695954664.802937,31895676546.0,50591631210.80293
10,new_cap_fifo,model_6,0.3,0.7,0.7,17449557687.148026,38274811855.2,55724369542.34802
10,new_cap_fifo,model_7,0.35,0.65,0.7,16203160709.495409,44653947164.4,60857107873.89541
10,new_cap_fifo,model_8,0.4,0.6,0.7,14956763731.841843,51033082473.6,65989846205.44184
10,new_cap_fifo,model_9,0.45,0.55,0.7,13710366754.188398,57412217782.8,71122584536.9884
10,new_cap_fifo,model_10,0.5,0.5,0.7,12463969776.535158,63791353092.0,76255322868.53516
10,new_cap_fifo,model_11,0.55,0.44999999999999996,0.7,11217572798.881351,70170488401.2,81388061200.08134
10,new_cap_fifo,model_12,0.6,0.4,0.7,9971175821.227962,76549623710.4,86520799531.62796
10,new_cap_fifo,model_13,0.65,0.35,0.7,8724778843.574013,82928759019.6,91653537863.17401
10,new_cap_fifo,model_14,0.7,0.30000000000000004,0.7,7478381865.920921,89307894328.8,96786276194.72092
10,new_cap_fifo,model_15,0.75,0.25,0.7,6231984888.267579,95687029638.0,101919014526.26758
10,new_cap_fifo,model_16,0.8,0.19999999999999996,0.7,4985587910.613981,102066164947.2,107051752857.81398
10,new_cap_fifo,model_17,0.85,0.15000000000000002,0.7,3739190932.9604607,108445300256.4,112184491189.36046
10,new_cap_fifo,model_18,0.9,0.09999999999999998,0.7,2492793955.3069906,114824435565.6,117317229520.907
10,new_cap_fifo,model_19,0.95,0.050000000000000044,0.7,1246396977.6534956,121203570874.8,122449967852.45349
10,new_cap_fifo,model_20,1.0,0.0,0.7,0.0,127582706184.0,127582706184.0
10,backfill_cap_fifo,model_0,0.0,1.0,0.7,25658413123.210594,0.0,25658413123.210594
10,backfill_cap_fifo,model_1,0.05,0.95,0.7,24375492467.048885,6060774300.4,30436266767.448883
10,backfill_cap_fifo,model_2,0.1,0.9,0.7,23092571810.888836,12121548600.8,35214120411.688835
10,backfill_cap_fifo,model_3,0.15,0.85,0.7,21809651154.728523,18182322901.2,39991974055.92853
10,backfill_cap_fifo,model_4,0.2,0.8,0.7,20526730498.568306,24243097201.6,44769827700.168304
10,backfill_cap_fifo,model_5,0.25,0.75,0.7,19243809842.40763,30303871502.0,49547681344.40763
10,backfill_cap_fifo,model_6,0.3,0.7,0.7,17960889186.246803,36364645802.4,54325534988.646805
10,backfill_cap_fifo,model_7,0.35,0.65,0.7,16677968530.086262,42425420102.8,59103388632.88626
10,backfill_cap_fifo,model_8,0.4,0.6,0.7,15395047873.925959,48486194403.2,63881242277.12595
10,backfill_cap_fifo,model_9,0.45,0.55,0.7,14112127217.765322,54546968703.6,68659095921.36532
10,backfill_cap_fifo,model_10,0.5,0.5,0.7,12829206561.605297,60607743004.0,73436949565.6053
10,backfill_cap_fifo,model_11,0.55,0.44999999999999996,0.7,11546285905.444418,66668517304.4,78214803209.84442
10,backfill_cap_fifo,model_12,0.6,0.4,0.7,10263365249.284153,72729291604.8,82992656854.08415
10,backfill_cap_fifo,model_13,0.65,0.35,0.7,8980444593.123402,78790065905.2,87770510498.3234
10,backfill_cap_fifo,model_14,0.7,0.30000000000000004,0.7,7697523936.962979,84850840205.6,92548364142.56299
10,backfill_cap_fifo,model_15,0.75,0.25,0.7,6414603280.802649,90911614506.0,97326217786.80264
10,backfill_cap_fifo,model_16,0.8,0.19999999999999996,0.7,5131682624.6420765,96972388806.4,102104071431.04207
10,backfill_cap_fifo,model_17,0.85,0.15000000000000002,0.7,3848761968.4814897,103033163106.8,106881925075.2815
10,backfill_cap_fifo,model_18,0.9,0.09999999999999998,0.7,2565841312.3210382,109093937407.2,111659778719.52104
10,backfill_cap_fifo,model_19,0.95,0.050000000000000044,0.7,1282920656.1605191,115154711707.6,116437632363.76053
10,backfill_cap_fifo,model_20,1.0,0.0,0.7,0.0,121215486008.0,121215486008.0
10,dynamic_b_cap_fifo,model_0,0.0,1.0,0.7,25578180430.410023,0.0,25578180430.410023
10,dynamic_b_cap_fifo,model_1,0.05,0.95,0.7,24966059296.22542,6075187374.8,31041246671.02542
10,dynamic_b_cap_fifo,model_2,0.1,0.9,0.7,23838622693.614,12214865464.0,36053488157.614
10,dynamic_b_cap_fifo,model_3,0.15,0.85,0.7,22831131659.237446,18327611068.8,41158742728.037445
10,dynamic_b_cap_fifo,model_4,0.2,0.8,0.7,21346328733.47997,24499282468.8,45845611202.27997
10,dynamic_b_cap_fifo,model_5,0.25,0.75,0.7,19257524674.27538,30413097136.0,49670621810.275375
10,dynamic_b_cap_fifo,model_6,0.3,0.7,0.7,18379319968.62477,36532906672.8,54912226641.424774
10,dynamic_b_cap_fifo,model_7,0.35,0.65,0.7,17293465889.90795,42839154268.4,60132620158.30795
10,dynamic_b_cap_fifo,model_8,0.4,0.6,0.7,15571286200.103954,48583351657.6,64154637857.70395
10,dynamic_b_cap_fifo,model_9,0.45,0.55,0.7,13751094678.71689,54671970452.4,68423065131.11689
10,dynamic_b_cap_fifo,model_10,0.5,0.5,0.7,12966268374.554888,61527614192.5,74493882567.05489
10,dynamic_b_cap_fifo,model_11,0.55,0.44999999999999996,0.7,11578850651.22746,66126819844.8,77705670496.02747
10,dynamic_b_cap_fifo,model_12,0.6,0.4,0.7,10270940698.628065,73397161502.4,83668102201.02806
10,dynamic_b_cap_fifo,model_13,0.65,0.35,0.7,9244543712.186764,78300515519.2,87545059231.38676
10,dynamic_b_cap_fifo,model_14,0.7,0.30000000000000004,0.7,7523786124.567083,85560098775.2,93083884899.76707
10,dynamic_b_cap_fifo,model_15,0.75,0.25,0.7,6497414427.315018,92907282513.75,99404696941.06502
10,dynamic_b_cap_fifo,model_16,0.8,0.19999999999999996,0.7,5134099742.4760065,98877315296.0,104011415038.47601
10,dynamic_b_cap_fifo,model_17,0.85,0.15000000000000002,0.7,3918502015.027512,104048770810.0,107967272825.02751
10,dynamic_b_cap_fifo,model_18,0.9,0.09999999999999998,0.7,2571942675.84198,111506233045.5,114078175721.34198
10,dynamic_b_cap_fifo,model_19,0.95,0.050000000000000044,0.7,1303121881.9290166,116115764630.8,117418886512.72902
10,dynamic_b_cap_fifo,model_20,1.0,0.0,0.7,0.0,123020204560.0,123020204560.0
10,efficiency_cap_fifo,model_0,0.0,1.0,0.7,25041681520.05988,0.0,25041681520.05988
10,efficiency_cap_fifo,model_1,0.05,0.95,0.7,22922605485.33903,5907546787.5,28830152272.83903
10,efficiency_cap_fifo,model_2,0.1,0.9,0.7,22246033381.865376,11749710018.6,33995743400.465378
10,efficiency_cap_fifo,model_3,0.15,0.85,0.7,20845791664.657578,17711283344.4,38557075009.05758
10,efficiency_cap_fifo,model_4,0.2,0.8,0.7,19442669452.559765,23597123652.0,43039793104.55977
10,efficiency_cap_fifo,model_5,0.25,0.75,0.7,18457508112.37522,29479546746.0,47937054858.37522
10,efficiency_cap_fifo,model_6,0.3,0.7,0.7,17207969832.410004,35144559406.8,52352529239.21001
10,efficiency_cap_fifo,model_7,0.35,0.65,0.7,16168463829.459694,41595296425.2,57763760254.65969
10,efficiency_cap_fifo,model_8,0.4,0.6,0.7,15098636933.052141,47166909595.2,62265546528.25214
10,efficiency_cap_fifo,model_9,0.45,0.55,0.7,13783650738.36785,52999443979.2,66783094717.56785
10,efficiency_cap_fifo,model_10,0.5,0.5,0.7,12573559039.159897,59326933059.0,71900492098.1599
10,efficiency_cap_fifo,model_11,0.55,0.44999999999999996,0.7,11125889044.469528,65060309556.0,76186198600.46953
10,efficiency_cap_fifo,model_12,0.6,0.4,0.7,9836392560.467825,70435693800.0,80272086360.46782
10,efficiency_cap_fifo,model_13,0.65,0.35,0.7,8626799256.459665,76598243631.0,85225042887.45967
10,efficiency_cap_fifo,model_14,0.7,0.30000000000000004,0.7,7590801094.842,82535563870.2,90126364965.04199
10,efficiency_cap_fifo,model_15,0.75,0.25,0.7,6235170515.177526,88848754780.5,95083925295.67752
10,efficiency_cap_fifo,model_16,0.8,0.19999999999999996,0.7,4826093502.199893,94060129075.2,98886222577.39989
10,efficiency_cap_fifo,model_17,0.85,0.15000000000000002,0.7,3709261036.6529665,100718758543.5,104428019580.15297
10,efficiency_cap_fifo,model_18,0.9,0.09999999999999998,0.7,2469551547.4599185,105409614254.4,107879165801.85991
10,efficiency_cap_fifo,model_19,0.95,0.050000000000000044,0.7,1210341236.1989906,111051469423.8,112261810659.999
10,efficiency_cap_fifo,model_20,1.0,0.0,0.7,0.0,118790293806.0,118790293806.0
10,lookahead_cap_fifo,model_0,0.0,1.0,0.7,26593113645.219883,0.0,26593113645.219883
10,lookahead_cap_fifo,model_1,0.05,0.95,0.7,25988120825.77406,5846402141.1,31834522966.87406
10,lookahead_cap_fifo,model_2,0.1,0.9,0.7,23636276577.449688,11760118173.0,35396394750.44969
10,lookahead_cap_fifo,model_3,0.15,0.85,0.7,22747578523.90774,17708309586.0,40455888109.907745
10,lookahead_cap_fifo,model_4,0.2,0.8,0.7,21184001887.167694,23522010166.8,44706012053.9677
10,lookahead_cap_fifo,model_5,0.25,0.75,0.7,19762965832.949867,29087317143.0,48850282975.94987
10,lookahead_cap_fifo,model_6,0.3,0.7,0.7,18618291396.8515,35056990047.6,53675281444.4515
10,lookahead_cap_fifo,model_7,0.35,0.65,0.7,17153974889.23288,41398500137.4,58552475026.63288
10,lookahead_cap_fifo,model_8,0.4,0.6,0.7,16191582179.19596,47417487868.8,63609070047.995964
10,lookahead_cap_fifo,model_9,0.45,0.55,0.7,14703355052.308723,52337890338.3,67041245390.60873
10,lookahead_cap_fifo,model_10,0.5,0.5,0.7,13435177764.79499,58392840330.0,71828018094.79498
10,lookahead_cap_fifo,model_11,0.55,0.44999999999999996,0.7,12025596367.498705,64051566361.2,76077162728.6987
10,lookahead_cap_fifo,model_12,0.6,0.4,0.7,10590281201.535997,70456666622.4,81046947823.93599
10,lookahead_cap_fifo,model_13,0.65,0.35,0.7,9473175436.35742,76503546381.6,85976721817.95743
10,lookahead_cap_fifo,model_14,0.7,0.30000000000000004,0.7,7997446247.664074,80959641474.6,88957087722.26408
10,lookahead_cap_fifo,model_15,0.75,0.25,0.7,6751434864.072585,87931095979.5,94682530843.57259
10,lookahead_cap_fifo,model_16,0.8,0.19999999999999996,0.7,5394494569.986063,93080927822.4,98475422392.38606
10,lookahead_cap_fifo,model_17,0.85,0.15000000000000002,0.7,4047034430.880001,99885506222.7,103932540653.58
10,lookahead_cap_fifo,model_18,0.9,0.09999999999999998,0.7,2596881704.2019696,104043133141.2,106640014845.40196
10,lookahead_cap_fifo,model_19,0.95,0.050000000000000044,0.7,1315528590.819988,110481437110.5,111796965701.31999
10,lookahead_cap_fifo,model_20,1.0,0.0,0.7,0.0,117995269932.0,117995269932.0
10,weighted_cap_fifo,model_0,0.0,1.0,0.7,25935582693.35003,0.0,25935582693.35003
10,weighted_cap_fifo,model_1,0.05,0.95,0.7,24630014231.22473,5996406292.8,30626420524.02473
10,weighted_cap_fifo,model_2,0.1,0.9,0.7,23147969473.9436,12135689730.4,35283659204.3436
10,weighted_cap_fifo,model_3,0.15,0.85,0.7,21975651197.622177,18182442291.6,40158093489.222176
10,weighted_cap_fifo,model_4,0.2,0.8,0.7,20099833751.50428,24644764327.0,44744598078.50428
10,weighted_cap_fifo,model_5,0.25,0.75,0.7,19252273300.45527,30447969082.0,49700242382.45527
10,weighted_cap_fifo,model_6,0.3,0.7,0.7,17810728617.163475,36382952330.4,54193680947.56348
10,weighted_cap_fifo,model_7,0.35,0.65,0.7,16233163215.359837,42341405741.6,58574568956.95984
10,weighted_cap_fifo,model_8,0.4,0.6,0.7,15515033843.298103,48925498012.8,64440531856.09811
10,weighted_cap_fifo,model_9,0.45,0.55,0.7,14175191675.881311,54777810042.0,68953001717.88132
10,weighted_cap_fifo,model_10,0.5,0.5,0.7,13208259882.06511,61442878852.0,74651138734.06511
10,weighted_cap_fifo,model_11,0.55,0.44999999999999996,0.7,11328299853.48417,67005705641.6,78334005495.08417
10,weighted_cap_fifo,model_12,0.6,0.4,0.7,10209925698.876259,72921032587.2,83130958286.07626
10,weighted_cap_fifo,model_13,0.65,0.35,0.7,8829980550.327822,79401712873.6,88231693423.92783
10,weighted_cap_fifo,model_14,0.7,0.30000000000000004,0.7,7461771803.157005,84907159310.4,92368931113.557
10,weighted_cap_fifo,model_15,0.75,0.25,0.7,6362942374.952472,92135316360.0,98498258734.95247
10,weighted_cap_fifo,model_16,0.8,0.19999999999999996,0.7,4987592589.836013,98712821176.0,103700413765.83601
10,weighted_cap_fifo,model_17,0.85,0.15000000000000002,0.7,3884065101.313506,103348320598.8,107232385700.11351
10,weighted_cap_fifo,model_18,0.9,0.09999999999999998,0.7,2517159394.4619703,109641700562.4,112158859956.86197
10,weighted_cap_fifo,model_19,0.95,0.050000000000000044,0.7,1280302385.317523,116871273714.8,118151576100.11752
10,weighted_cap_fifo,model_20,1.0,0.0,0.7,0.0,122016529264.0,122016529264.0
10,pcaps,model_0,0.0,1.0,0.7,19334037336.980072,0.0,19334037336.980072
10,pcaps,model_1,0.05,0.95,0.7,18367335470.13031,5714191508.4,24081526978.53031
10,pcaps,model_2,0.1,0.9,0.7,17400633603.281704,11428383016.8,28829016620.081703
10,pcaps,model_3,0.15,0.85,0.7,16433931736.432442,17142574525.2,33576506261.632442
10,pcaps,model_4,0.2,0.8,0.7,15467229869.58397,22856766033.6,38323995903.18397
10,pcaps,model_5,0.25,0.75,0.7,14500528002.735197,28570957542.0,43071485544.7352
10,pcaps,model_6,0.3,0.7,0.7,13533826135.885403,34285149050.4,47818975186.2854
10,pcaps,model_7,0.35,0.65,0.7,12567124269.036955,39999340558.8,52566464827.83696
10,pcaps,model_8,0.4,0.6,0.7,11600422402.187965,45713532067.2,57313954469.38796
10,pcaps,model_9,0.45,0.55,0.7,10633720535.338686,51427723575.6,62061444110.93868
10,pcaps,model_10,0.5,0.5,0.7,9667018668.490036,57141915084.0,66808933752.490036
10,pcaps,model_11,0.55,0.44999999999999996,0.7,8700316801.640852,62856106592.4,71556423394.04085
10,pcaps,model_12,0.6,0.4,0.7,7733614934.791985,68570298100.8,76303913035.59198
10,pcaps,model_13,0.65,0.35,0.7,6766913067.942701,74284489609.2,81051402677.1427
10,pcaps,model_14,0.7,0.30000000000000004,0.7,5800211201.093983,79998681117.6,85798892318.69398
10,pcaps,model_15,0.75,0.25,0.7,4833509334.245018,85712872626.0,90546381960.24503
10,pcaps,model_16,0.8,0.19999999999999996,0.7,3866807467.3959923,91427064134.4,95293871601.79599
10,pcaps,model_17,0.85,0.15000000000000002,0.7,2900105600.5469913,97141255642.8,100041361243.347
10,pcaps,model_18,0.9,0.09999999999999998,0.7,1933403733.6979961,102855447151.2,104788850884.898
10,pcaps,model_19,0.95,0.050000000000000044,0.7,966701866.8489982,108569638659.6,109536340526.449
10,pcaps,model_20,1.0,0.0,0.7,0.0,114283830168.0,114283830168.0
